,v4 Strategy,True B&H,NIFTY 500,NIFTY 50,S&P 500
2022-01-03,997288.4018850196,1000330.8140247795,1000000.0,1000000.0,1000000.0
2022-01-04,990592.3994122413,993614.3841619177,1007507.5676852614,1010186.8742352641,999370.3780429395
2022-01-05,986001.330895204,989009.3097439149,1012614.6071579737,1016995.1147771399,979989.8303583653
2022-01-06,984389.0770732074,987392.1374443836,1005623.2413521573,1006819.6540961695,979045.3465236673
2022-01-07,994584.9415901562,997619.1063258501,1009467.4905857546,1010609.5081777562,975080.0006718682
2022-01-10,998690.0372732918,1001736.7253602229,1019135.6300045794,1021423.3522207341,973674.8799162812
2022-01-11,1001046.0782150471,1004099.9538392535,1021437.5679614425,1024399.0763664296,982593.7268886241
2022-01-12,999884.2146998408,1002934.5458451817,1030471.06873764,1033283.808111336,985362.4347282574
2022-01-13,994461.0811578747,997494.868034484,1033966.6874123687,1035862.4957032955,971327.3112902873
2022-01-14,996304.7322078333,999344.143481884,1034581.6722320385,1035746.1439362224,972123.7805210134
2022-01-17,1001681.0650368105,1004736.8778053891,1037926.0335438091,1038716.2167103743,972123.7805210134
2022-01-18,991841.2875426167,994867.082255792,1024236.0539747931,1027650.0555496579,954248.42123694
2022-01-19,982018.049238191,985013.876351811,1017619.6522814813,1017741.206632095,945002.1912065684
2022-01-20,976757.6099744193,979737.3891481991,1010292.8869217938,1007449.3941840517,934571.844344422
2022-01-21,971596.0740129227,974560.1069696208,998434.695034969,999514.9793481154,916894.5843858845
2022-01-24,948015.7642898492,950907.8611642414,967605.1688269814,972959.9601434252,919435.9768124027
2022-01-25,949582.2301749178,952479.1058423013,975507.4186758847,980270.2862630228,908244.688296412
2022-01-27,941439.9402410738,944311.9763518223,965477.5461495528,970750.1630586907,902002.6253759535
2022-01-28,945761.6871714792,948646.9075680381,968341.8018188135,970284.8668016052,923964.2667907247
2022-01-31,954107.137490259,957017.817221664,981377.3604658855,983782.225838115,941414.2113361474
2022-02-01,951860.2624309405,959375.6239014176,994186.0009544308,997228.5009083195,947875.1404179122
2022-02-02,955290.0484817268,968560.5947530158,1005836.9927338661,1008754.3069545778,956806.5085706462
2022-02-03,947182.0616772352,957427.1885113528,995481.6760215011,996283.8353708929,933468.9624878669
2022-02-04,943510.8226533188,954451.6621168704,992163.5840351868,993793.2426882888,938282.7964580329
2022-02-07,940978.276606347,948694.0776797773,978032.9349259352,976619.3894346834,934809.5431754222
2022-02-08,938973.6561084605,946889.2227727502,977141.7689339856,979634.8948035971,942663.0718323832
2022-02-09,935945.3030304919,943501.859511226,987618.8622748723,990814.6374512181,956347.9076140483
2022-02-10,931193.6430910734,940281.7175237313,993922.9223307893,998873.8257059394,939022.9712761068
2022-02-11,925588.3421739965,934746.4382859531,979394.379648916,985762.3112912852,921210.2178939884
2022-02-14,904510.5736518637,912225.1011769803,947108.1583276009,955581.9926470115,917672.2209469168
2022-02-15,910914.3455321117,919213.8856669894,973754.6316546014,984497.0689327706,932140.9029807026
2022-02-16,909639.920851815,919708.9616004977,972725.3750765119,982780.8249628395,932962.3127739963
2022-02-17,905567.6601285083,915572.91551127,971551.348181604,981782.305178939,913208.5728348411
2022-02-18,904408.8061687105,915094.1754127599,967516.4054827744,980176.7616045374,906664.3728135652
2022-02-21,896506.7986462322,904275.8186994401,960044.9340344481,976225.1231611157,906664.3728135652
2022-02-22,883561.7612139996,888198.5117155854,952938.5997871478,969731.6972575778,897468.1257065432
2022-02-23,882855.259170974,889045.026646042,954115.9023192154,968089.253551333,880943.8323261249
2022-02-24,846828.6253530086,854283.112067876,906021.9056629344,921832.9436841934,894119.9824296281
2022-02-25,863517.5485788655,874612.6423012358,933099.2216186915,945119.9741854212,914123.84058196
2022-02-28,871844.927187948,876737.0386112945,941027.7407930511,952807.6124639559,911890.9985437766
2022-03-02,865480.8694162383,870318.5769097258,933914.7268150724,942144.139228519,914517.9014705261
2022-03-03,864160.4747574789,868208.5788730701,929715.3599764667,936022.4849235812,909712.4149539542
2022-03-04,856105.3761533181,855598.7423479822,913746.500367064,921685.398562424,902494.717945142
2022-03-07,846687.2527858402,835617.5692537979,892114.89907505,900001.1967610328,875854.7359837856
2022-03-08,849525.7934666441,841009.9156102685,901487.0750422782,908528.5069586113,869519.0187059309
2022-03-09,855624.4543953326,854698.8661745287,919432.2357379722,927358.9323473205,891864.1339949538
2022-03-10,870463.5528371572,872750.1398554328,933204.4273768762,941517.280232012,888036.4193292414
2022-03-11,869418.4979131877,877431.4531189004,936371.2620002325,943534.1550058187,876526.0952088161
2022-03-14,869685.1044427424,881137.3590152127,945411.2498225697,957198.9497757071,870021.39289479
2022-03-15,869353.5201368749,878710.4198583153,934970.3169467979,945380.9345772852,888647.3104148227
2022-03-16,880435.9714139511,885956.6944736325,952461.7697817977,963102.1951921677,908538.5797418499
2022-03-17,889874.2557065648,893602.0000570465,968239.8716977885,980786.6664864138,919757.0483811285
2022-03-21,889781.362617288,890116.2431005705,960390.2247279776,971172.7970011828,930079.0819429818
2022-03-22,883962.9623732344,890614.4207635405,968394.404697906,982400.7425237341,940592.8015428537
2022-03-23,886677.2325781414,894129.8090139985,966493.700179004,978437.8013372254,929049.189406267
2022-03-24,886638.3145674408,901374.3665169881,966769.8813512839,977138.5399382426,942375.3900780334
2022-03-25,883243.1735124944,902681.3996423368,963635.9957840623,973181.2501232774,947149.6245427352
2022-03-28,882167.55391281,891569.0051396295,965224.29443739,977095.988434856,953916.9662503289
2022-03-29,883076.7611108118,893706.9546215901,970883.8247110214,982956.7931591367,965608.6947891021
2022-03-30,890176.3350251939,891928.5351667847,979762.7282589218,992769.1255156322,959531.4431780181
2022-03-31,900745.7444880569,892316.9692243799,979604.855393465,990868.491697692,944512.3381981003
2022-04-01,899570.8521387461,907581.3056002652,992285.2322073492,1002538.9063687412,947733.3355050286
2022-04-04,905392.5784054487,911128.3312793183,1011812.2045102313,1024265.770484726,955401.3878150592
2022-04-05,913465.6462015623,921325.6740622551,1012226.5404968307,1018819.1780512254,943409.4563415452
2022-04-06,918523.1687262102,923070.9919229945,1008109.3857281131,1010323.061208343,934242.4253221023
2022-04-07,913940.395935272,924968.3370054297,999779.697343972,1000785.8730781735,938216.1186274954
2022-04-08,915271.1335728153,925620.4543249537,1009063.0457388136,1009001.0835119794,935728.8828511237
2022-04-11,922114.5351149513,921593.5050128376,1007951.5128626564,1002794.2153890615,919936.3150369705
2022-04-12,914935.8917501454,916365.6841803341,997375.8292660839,994587.5374181742,916792.4807766797
2022-04-13,923113.6212062467,912892.5211264607,995655.9270727558,991486.929042487,927037.2494936811
2022-04-18,924086.2676236259,903244.393270595,981679.8751918013,974352.8570120999,915591.5672395022
2022-04-19,906700.5536387207,893066.3550586151,968565.4443401807,962154.7593745727,930293.7743774912
2022-04-20,912194.657165803,899407.1571019602,976697.8237565906,972247.9981401447,929718.4108687917
2022-04-21,920953.4073207544,905133.845296008,990091.83987401,986775.0149096479,916002.3230352562
2022-04-22,921151.2335262034,904146.1645715135,979627.8490817618,974256.3404510326,890592.3689004418
2022-04-25,911313.1560484945,891220.5320539873,965036.8766093174,961888.0367999586,895666.9080980988
2022-04-26,917587.0922644235,891805.3207093524,979858.0428774481,975893.2435969407,870457.1910513261
2022-04-27,913454.7650020068,884605.4614161319,970495.7580498783,966679.4025680276,872283.4510205525
2022-04-28,920298.9712606269,894906.3902680415,980880.8124093981,978403.7822967573,893869.7624182369
2022-04-29,913005.7373643295,891139.8916731059,972294.5324477552,970318.99665328,861436.1386715638
2022-05-02,912310.8740695637,890213.8695909398,969200.082982808,968421.133115508,866324.9979258614
2022-05-04,904639.2143872421,873062.8740799323,946644.4308708891,946209.2483476386,896511.2224896688
2022-05-05,900299.0878204798,866143.2679743445,946785.8613223683,946495.8061282587,864550.8586424902
2022-05-06,893242.0432926022,857443.585919183,930359.8897587525,931097.8132738085,859645.2026827901
2022-05-09,890880.4272556886,849590.0304681342,920231.362748555,924890.9451508905,832104.6628163189
2022-05-10,878975.6810494628,841784.2233004934,911299.8563215622,921384.7123529452,834149.8907450662
2022-05-11,862502.5751489752,835903.7938723542,905765.3783136121,917245.8583757427,820417.1080043428
2022-05-12,853586.5837825963,825294.1498112096,885603.703139923,896872.220716421,819353.8765523592
2022-05-13,863594.9819860823,831608.8244867072,886014.7634893629,895405.6343952667,838911.6040293769
2022-05-16,849892.3696021575,829553.7322948124,892572.011029263,898818.2317235199,835600.9224954203
2022-05-17,858568.9886308612,837992.0781473982,915910.2835096075,922476.8676065378,852454.6857972658
2022-05-18,859805.3629548551,837585.9303353617,915394.017401983,921398.8961874074,818019.5564549994
2022-05-19,851233.7357386518,823239.9214737957,891236.8998599184,896951.6723516509,813247.4088536961
2022-05-20,857749.2986147342,835154.5387074914,913871.424176386,922865.5379141652,813366.2582691963
2022-05-23,855686.0657745964,837772.444546839,909974.5720636963,919946.4937007154,828458.301669847
2022-05-24,850360.054560139,833658.2984983135,904150.7461066484,914865.8552774612,821730.5594677175
2022-05-25,843029.5636003589,827045.6362214616,893660.4859889437,909229.1662188047,829496.5416601559
2022-05-26,839449.411477267,828834.1298458675,902526.2227600262,917418.9454806646,845989.6338878112
2022-05-27,843921.3210545907,833420.6537170208,912431.1072488566,927761.7864894101,866921.3318667604
2022-05-30,850415.988465829,839919.0385463203,930955.0922991055,945290.1801989682,866921.3318667604
2022-05-31,854259.9507676762,840701.7654152703,928639.9875654244,940930.0916475166,861481.9478681163
2022-06-01,848978.7499282944,841188.5199257318,926226.2925760574,937423.803443968,855035.6777292483
2022-06-02,849649.6157639209,842269.0015692883,931819.9889655987,943395.1977525714,870794.8557290253
2022-06-03,847638.6081102288,835625.0220005903,925897.4442965055,940915.9078130544,856559.6987994427
2022-06-06,845780.5572139961,835490.3668417172,924332.0751032949,940079.0615797822,859247.0698656416
2022-06-07,844024.7237067263,829139.5305293498,916538.3708779158,931387.1413345969,867430.0175449223
2022-06-08,843455.1407200836,831206.3214395995,913335.4400176242,927977.3696921155,858067.0249624492
2022-06-09,844695.89040116,834122.9767962118,919267.8115981962,934890.5484467704,837646.1504241677
2022-06-10,842592.3121056693,832032.3101979728,906419.7350073766,919214.5856802224,813262.0168974856
2022-06-13,834354.7008777579,817804.3941731853,882423.7659679283,894965.9355269372,781733.1247827244
2022-06-14,832419.8343542159,818787.1116747091,880542.7152719839,892565.9864114433,778783.1143229579
2022-06-15,831648.8479189068,816086.2631471162,880052.7184898157,890299.4539888599,790147.5107028098
2022-06-16,820068.6821760647,806445.0938997583,860871.036880463,871488.8084005533,764458.273166347
2022-06-17,808567.3785025863,795444.4130500193,854659.1442622719,867681.8893931292,766140.7431575058
2022-06-20,799226.4286206111,793561.8910044038,851765.2794022155,870895.9684445143,766140.7431575058
2022-06-21,809120.2499061502,805511.224825602,870914.0761836129,887272.5904712557,784893.7557484179
2022-06-22,805632.9039563336,798390.9164643103,858144.8717973421,874478.7717863143,783872.1597661899
2022-06-23,807089.5456160103,801185.7360519546,866763.9723587607,882611.8157103254,791344.1996140829
2022-06-24,809556.8632158806,805652.4379757905,876215.0847587172,890702.2527253462,815530.2847143364
2022-06-27,813120.9323282592,809432.7083759237,884242.2584169423,898236.6945105679,813105.6548399198
2022-06-28,812548.0838334422,807087.7497635477,885537.9334840126,899266.463054768,796727.2383009675
2022-06-29,813011.7471180783,802067.7785195446,882486.1957584994,896367.254047324,796160.1713467548
2022-06-30,816645.5591544847,806582.7207807318,880493.3880300511,895297.8150911123,789186.382860031
2022-07-01,818112.2490581403,812942.8963946545,880947.2243471046,893697.8674826508,797515.3091789923
2022-07-04,822367.0832894467,817241.3760449408,886090.4242849316,898423.9100443489,797515.3091789923
2022-07-05,830950.5953979817,819142.7759701243,885380.0606185559,897033.8942670493,798778.675920803
2022-07-06,838743.8789592475,826280.7249683925,896524.7416582046,907186.694056242,801632.8433615603
2022-07-07,844971.6457085301,830841.7236991712,905357.5936013318,915305.5541457908,813628.9485618712
2022-07-08,841481.87646564,838647.35057591,909478.024007209,920281.1989506622,812953.4156100436
2022-07-11,846682.1859105172,842382.3709335157,913332.1001522851,920020.2385587983,803582.1264730837
2022-07-12,842535.0628887432,837406.845937276,906238.868453623,911073.064698896,796153.9107565592
2022-07-13,844784.3716000391,842432.7265381158,902815.6349373036,905873.3042284005,792605.5303916024
2022-07-14,841112.0178649372,842599.5044292534,901217.4451443175,904284.7147686295,790228.7965771368
2022-07-15,843842.4983086389,842448.5066275952,906975.5014454551,910556.7952867118,805402.176751222
2022-07-18,845655.4513089712,847676.8926893702,919747.9814688857,923566.1971743585,798666.1379946057
2022-07-19,855769.4403672685,857169.5684451382,924170.9908288582,927086.6138067661,820731.918982873
2022-07-20,858392.3093536346,863565.5299136001,931586.5195327528,937315.9841398136,825570.7953138209
2022-07-21,863326.5431573709,875142.7797997831,938650.1420406192,942104.4688165075,833712.0566242388
2022-07-22,866422.8030152986,880352.2864565123,942912.0028979755,948583.6000743764,825931.466388011
2022-07-25,861464.6602136828,872766.3971645227,939156.581236765,943565.4037661183,827017.7042364854
2022-07-26,852907.1154685876,860475.4616757339,930077.0930839739,935216.7766394019,817471.2712713731
2022-07-27,856529.6599078621,861315.6046814038,938041.7727234482,944178.1897393698,838853.2736524334
2022-07-28,872305.1530147309,858956.826638401,951626.4823061,960506.5534855776,849031.3645388973
2022-07-29,876696.808047648,867858.6819893629,964553.4953296479,973479.1106469845,861094.198468853
2022-08-01,889852.5026695507,874804.3979052012,976470.905598064,983793.6393924089,858663.2571051336
2022-08-02,897958.9242802771,871672.8886194472,978427.5528613975,984099.9215678279,852942.5028414427
2022-08-03,896103.3957204144,865995.1842072062,978522.9317081035,986522.5869807027,866281.2246936001
2022-08-04,897132.4484200845,865721.5337825461,979470.0404444847,986173.6424906902,865607.8295042784
2022-08-05,899734.4609406892,864926.6245926317,979992.9220546081,987053.0402273491,864200.5709861855
2022-08-08,904975.3672285591,868197.0927290436,986106.1601889336,994292.4471746356,863131.0789440064
2022-08-10,904035.7982119187,864058.88327098,985609.6121324463,994839.9653471194,877762.4345246609
2022-08-11,902238.1502967573,864193.5634099846,992801.5625431533,1001889.3310748532,877143.1959854856
2022-08-12,902072.3851407022,860022.3478448605,995787.4663845765,1004110.5417138814,892337.3938944485
2022-08-16,904682.8442949365,863681.1272393536,1004991.8783466896,1011321.5809922435,897559.9476960774
2022-08-17,905874.6115500854,868983.6710821413,1011473.4650910209,1018073.0861962702,891063.5928356453
2022-08-18,906833.3794790932,871912.0821368264,1013153.8669538951,1018768.0940849199,893085.9161661164
2022-08-19,902279.7671713084,871578.1887559848,1002107.9688544711,1007531.6160994499,881565.1068295913
2022-08-22,898097.5479750179,873849.4362592779,986658.6509898526,992340.7293903899,862699.5563124819
2022-08-23,898343.3647348614,872085.9925663024,992495.7079518982,997265.4010401627,860768.9531733303
2022-08-24,902257.7497009612,872190.5769505041,995777.6394730977,998822.741739634,863279.0935479782
2022-08-25,901348.2515512501,868864.9536185021,993163.2956506604,994142.0763670945,875444.081986246
2022-08-26,904897.3745131248,871112.0088382302,996247.8539759491,996210.1459184133,845952.0703466382
2022-08-29,902039.3323336807,869289.3110756049,984751.3309684518,982253.2528075682,840312.6528563816
2022-08-30,911322.1723234148,878864.5151020569,1007921.9036718608,1007579.929785587,831045.554192025
2022-09-01,911307.4051601049,874940.8914011467,1000434.1182659162,995296.7291412862,827019.7910998838
2022-09-02,916972.4618480204,872124.8834668791,999802.6910322689,995106.5771105269,818140.492733898
2022-09-05,919122.3193490128,869099.1493453311,1005906.1022551156,1002275.1756967088,818140.492733898
2022-09-06,921565.4962441522,866489.6986607367,1007132.6678009363,1001696.4087639253,814790.1607953698
2022-09-07,925282.8826984563,875681.1529799032,1007550.3436528749,999926.3105475204,829734.240491156
2022-09-08,928197.7395046615,885532.8971766607,1015528.1900691673,1009818.0945392459,835219.3827872453
2022-09-09,930025.9520453062,882468.0705341575,1017284.2527276102,1011781.1150665787,847974.3936771093
2022-09-12,943602.2798457899,881618.4081261677,1024518.9148777513,1017624.854865022,856949.5859612118
2022-09-13,952731.6649126856,885672.8765655584,1030599.2681841216,1025210.4360221525,819897.9880091883
2022-09-14,951572.051100765,879491.144993004,1028024.4246921383,1021448.8387982835,822674.9924033083
2022-09-15,950539.8735167136,877498.3286077154,1024712.8839801432,1014280.3510233082,813364.1714057977
2022-09-16,934772.9549826842,859015.5412519814,1002588.074496981,994618.6753672671,807522.4808632082
2022-09-19,934186.4501587006,859799.2322002827,1005850.1595106841,999804.3074089037,813059.7438451527
2022-09-20,937468.0580992389,865003.5379243403,1017478.2218300021,1010810.9629516028,803894.8505882155
2022-09-21,940210.8704955318,859768.8745934402,1010302.7780614522,1005256.5512139478,790134.9895224188
2022-09-22,952428.5081284132,863155.6177380315,1008596.0426449422,1000232.7035341462,783476.0629133326
2022-09-23,941710.7805246102,852033.7917665488,990335.2004465143,983073.034115003,769974.7184134137
2022-09-26,926303.4246182346,837744.9305679139,968502.9503214299,965425.5737638068,762012.7746579453
2022-09-27,930195.4515654354,837363.5863902871,968608.1560796147,964920.6070947096,760397.0333964312
2022-09-28,927095.3778600448,840931.6560710871,961590.5209483419,956478.3444983012,775355.6702368998
2022-09-29,929268.508719506,842061.636210143,960400.115867636,954180.5633154181,758975.1668345489
2022-09-30,931569.9968412577,848292.9653421129,975319.9366196324,969853.7003961944,747539.9188973624
2022-10-03,928420.4133668367,844814.3076333496,962767.8234804095,958109.4854614589,766889.1636309591
2022-10-04,939770.1203438627,850274.4295069873,984294.2190142388,980063.2909288395,790343.4722658399
2022-10-06,942034.4530505252,848790.0968519159,990032.6214924188,983325.5728551549,780667.8064673424
2022-10-07,940076.6638753563,849282.9902199397,988957.3133095561,982352.5396488039,758806.283596592
2022-10-10,935717.0569121304,852684.0588549272,983363.6169200147,978173.9598539863,753120.9551115683
2022-10-11,930682.431324737,850186.162150298,968253.0384746065,963567.4914492533,748211.2272232857
2022-10-12,932055.461080178,853532.8398659193,975359.4369500864,971513.2090282766,745749.0338076961
2022-10-13,931391.5117859035,848828.9188143858,968805.4650473458,965314.8733682773,765112.8865850822
2022-10-14,937520.2334749751,853005.9320945019,974382.7190229095,975036.4513464558,747008.277721817
2022-10-17,941677.5964885298,850965.3351238995,980371.0975760927,982190.8660981756,766789.0959860455
2022-10-18,948864.485763286,855871.1950962695,990262.8152881052,992127.9718734563,775551.6317999299
2022-10-19,949973.1011181973,855565.8895954124,991055.3267961892,993563.4202455177,770377.0758564665
2022-10-20,948049.2015479184,858582.6537709875,993916.3068282905,996496.5928878265,764251.8772863243
2022-10-21,950767.7616622949,856843.1580168642,991877.4474950689,997197.3629592266,782383.61537377
2022-10-24,961061.2466015257,867557.4826734937,999615.2732041961,1005960.0915655163,791679.8792265982
2022-10-25,952116.0453613367,868934.3613454266,996941.7110001676,1001738.9602673121,804557.8623596521
2022-10-27,957414.7460721479,871604.135578623,1002607.7925481182,1006311.8063356972,793756.3592072158
2022-10-28,955064.6425327667,872855.5610176424,1002433.4772686838,1009140.1515764334,813303.7032663485
2022-10-31,961675.2179708327,875694.4506057643,1014429.8239698282,1021928.2080786246,807241.0087999466
2022-11-01,957185.3486965698,886133.6378157003,1021888.1286413363,1029485.4215668306,803930.3272659901
2022-11-02,958964.3234730631,889143.6955345594,1019267.1693164002,1025936.5818598951,783830.4733973271
2022-11-03,964913.4965555114,884172.7145517771,1018422.0549292237,1024225.9892615075,775532.8500293434
2022-11-04,970830.6562330944,878372.8747599642,1021457.2860125797,1027882.6482725973,786094.6183864882
2022-11-07,979565.3492995338,877599.6646707569,1027001.7193883678,1032742.0521216025,793652.1178355053
2022-11-09,981289.0356488035,871776.6566366308,1023851.3271789892,1030143.5293236373,781512.1717580195
2022-11-10,971205.2420561337,870131.9981845238,1015482.1384643941,1022835.973484208,824834.8960207587
2022-11-11,975577.3272661063,878182.5388370987,1029234.5478239814,1041076.3846026498,832456.9864369149
2022-11-14,985745.6809317821,878830.9206432694,1029306.9329823905,1039910.5398965777,825018.3364033978
2022-11-15,985555.6068088211,879391.5615370219,1032181.0797913098,1044123.1387318632,832206.8173246309
2022-11-16,978412.4176043482,874157.6383551073,1030168.4897835446,1044477.7345934192,825339.4079721236
2022-11-17,972467.5885325358,871777.0083805898,1025824.4168563003,1040747.3861298499,822789.6680920114
2022-11-18,967287.0402986946,870775.727211554,1022772.6791307871,1038690.730132825,826704.9801213536
2022-11-21,969690.9333878936,867418.3264229293,1016389.7468703213,1030310.8542458089,823494.3153332034
2022-11-22,972683.7328552777,865759.4528675829,1020033.4114990279,1035090.8064595842,834677.3581938146
2022-11-23,970133.8778473802,867217.4629950874,1021937.4558832691,1036398.6003214854,839614.2153062777
2022-11-24,978838.7508921899,868289.4256734581,1031319.4587619761,1048701.636171792,839614.2153062777
2022-11-25,981338.3831104706,870649.5301292656,1034374.4721246489,1050327.125763406,839376.5673743848
2022-11-28,982786.0212244244,876733.1154101433,1038136.5092883582,1053163.8926558543,826413.0737410997
2022-11-29,986579.8096604843,880014.5200046645,1039978.0596538486,1056301.4011633848,825097.5354143264
2022-11-30,996527.2201221274,885006.1995035507,1048771.4754947014,1064261.3025768702,850632.5486557292
2022-12-01,993752.0808230048,887001.0837734551,1052572.948760685,1067333.543283633,849894.5116001611
2022-12-02,993720.8561795737,885999.9574736203,1049912.5533334746,1060729.5277957723,848879.1762081285
2022-12-05,989523.2499948739,884373.9791782952,1050155.913905979,1061010.4342048487,833689.1520259626
2022-12-06,983976.4516092672,882925.1845080158,1047238.9911294461,1057702.7196837715,821684.6993720577
2022-12-07,984956.8016418671,884459.1370570281,1043236.9332585718,1053036.2381456941,820154.4177116677
2022-12-08,985421.0206443378,887914.6934862165,1046466.1976724992,1055807.7372373748,826323.4404131786
2022-12-09,986957.3575880153,885173.1135162571,1039997.7777049858,1049410.827894904,820250.3116297843
2022-12-12,984505.2889625387,891012.8424136363,1041000.764957619,1049442.0766552037,831962.9088025425
2022-12-13,986417.5989358367,890605.182986057,1046032.1436347626,1055731.1666935198,838027.6392332355
2022-12-14,987068.7211028128,885150.3278469457,1049932.2713846117,1058698.4691875034,832955.2886971915
2022-12-15,980454.2812202699,874067.4496441712,1038093.7333207446,1044775.5951171264,812196.6476829962
2022-12-16,972771.1635844879,870044.5515558313,1028395.9847111241,1036497.8871627211,803150.6038415593
2022-12-19,975929.8046526012,871599.2054480241,1036212.7468529798,1045090.4097554641,795916.2119255591
2022-12-20,973126.5898442508,867670.4815637018,1034305.426831579,1043096.2512790384,796741.846344757
2022-12-21,964316.5501163693,863784.0820599226,1021240.2589937114,1032532.0648848373,808587.7991785902
2022-12-22,958436.1588767931,857915.088882037,1014923.096389156,1028461.3043941741,796902.3312300126
2022-12-23,947957.8069815461,844204.151617922,989568.9582638866,1010274.8583334128,801578.6358123065
2022-12-26,960428.8942868687,849918.3587091415,989568.9582638866,1022064.3950517034,801578.6358123065
2022-12-27,965100.6197257462,855326.3781604026,1014058.1997226627,1028742.2108032505,798332.545245489
2022-12-28,964815.9596097544,852974.5374612273,1015008.5840962036,1028186.160167848,788736.0784579199
2022-12-29,971653.2931557575,855576.4998968642,1018454.9397571789,1032072.530810502,802508.4607041078
2022-12-30,970845.1855360012,858686.6575537625,1016064.1742279291,1027210.3566813285,800469.4933655559
2023-01-02,976520.9405764275,856904.3229232491,1020985.1446643403,1032438.4294151451,800469.4933655559
2023-01-03,971640.9019811727,856415.6836755223,1023231.1398767718,1034429.9284226091,797267.1760309996
2023-01-04,969085.1868039469,852680.4808371651,1012392.3134283782,1023672.8197174802,803277.7498115461
2023-01-05,973429.0230449921,854436.4853647967,1011945.0926138236,1020790.7310414768,793923.1555817743
2023-01-06,971885.9612672902,851852.2745182406,1004434.185063223,1013261.8852221953,812056.9805326185
2023-01-09,977483.3950073963,855320.6864900962,1016147.7350895887,1026977.6531471823,811433.6191657535
2023-01-10,971979.5598460122,850280.8121339389,1007936.4192404504,1016365.3746892577,817095.9921533936
2023-01-11,972896.5532054595,847441.904399761,1006364.4987729206,1015318.5412192203,827595.2055076906
2023-01-12,977255.5970721979,850182.6978225193,1004934.00875687,1013190.9660498841,830422.19282516
2023-01-13,979793.4209624188,849550.3770639536,1009307.6908749099,1018773.7454564635,833741.2727118179
2023-01-16,980637.6991715844,850130.7424742561,1006634.1928990609,1015270.3383442899,833741.2727118179
2023-01-17,984438.4585131832,852923.7752394961,1012599.5135357677,1024260.1191131823,832048.3684036665
2023-01-18,984536.8477860162,851710.4096903335,1017216.4919981322,1030617.2472324347,819099.5337132782
2023-01-19,987430.503289666,849425.0408397041,1014148.3760868211,1027354.9653061193,812842.9645472448
2023-01-20,980011.6131299026,843780.5740464006,1009426.1276380921,1022804.8355351151,828220.6537379541
2023-01-23,978873.782851628,844004.648649339,1013063.1767643,1027962.0999078272,838061.0290476115
2023-01-24,979945.5835414598,838383.145543331,1012099.6256139411,1027947.916073365,837464.7460058198
2023-01-25,973423.1390293746,832646.7849390993,997853.9438350261,1015105.7837022867,837312.5576750509
2023-01-27,964690.3556086611,825039.3655168716,978307.1892528272,998788.7226991659,848641.5282762356
2023-01-30,963605.9907679086,826220.4686682012,976955.6356695049,1001319.0966049884,837635.7161071752
2023-01-31,972205.3974385092,830979.1175467033,982302.6958493823,1002068.0695513188,849900.7721903565
2023-02-01,970435.9066733103,825903.064792773,976524.8572689279,999466.7764731852,858784.1933840322
2023-02-02,973381.391014209,828072.0269235494,975982.2576076674,999132.0158176349,871407.7827788978
2023-02-03,980775.7035888826,827589.0839498056,984068.5854193041,1012955.6030467763,862384.6944348443
2023-02-06,979358.8456148123,830067.1986975706,982213.9325051752,1007880.5605894624,857089.2531115897
2023-02-07,973883.3011792139,830997.8283635369,980112.5791532028,1005435.2896904134,868122.1436057233
2023-02-08,980926.6383260465,835263.6723975829,988406.107072229,1013956.8931108451,858502.7213207708
2023-02-09,980142.6742079748,837338.4602801101,988524.4796072318,1015190.88670906,850922.3172734773
2023-02-10,990347.722570979,836290.2347244043,987587.262010509,1013094.5603000235,852790.3145106738
2023-02-13,980602.3239447908,832461.5225196065,980000.7578925192,1008238.0375423935,862553.5776728012
2023-02-14,977855.6916804535,831322.786032853,984499.4280480606,1017256.0751690037,862311.705115004
2023-02-15,979528.7216145855,833804.3778699382,989152.6312037195,1022135.3142240146,864703.0469732592
2023-02-16,978766.9578121753,834303.1068869869,992053.0473380953,1023270.0209809939,852779.8801936813
2023-02-17,975710.4500790072,833709.5731554595,986804.6416420833,1018070.205104895,850419.892185511
2023-02-20,967991.0048744564,832615.192442304,982509.8959567719,1012419.3876173795,850419.892185511
2023-02-21,961395.8609836467,831638.9894849518,980885.3726101497,1011403.8029076417,833376.4279108308
2023-02-22,955428.3769697294,825583.1008016646,966938.929919991,995949.1855265494,832065.0633108546
2023-02-23,952761.065358538,823908.5359162323,964627.1008234695,993506.6849076687,836499.4953353513
2023-02-24,951584.9983209121,828254.4357255846,962239.6751595589,990928.1081269161,827684.8388356117
2023-02-27,955419.8979035438,821027.4762260162,956863.0057888859,986780.6662811914,830228.3181255284
2023-02-28,953898.5334944498,818460.6152193167,954893.1917487342,981745.4050470958,827707.743433888
2023-03-01,955446.2703852302,822217.4740311118,964502.112785968,990082.7294307251,823796.6051313427
2023-03-02,951419.8851155435,827065.3481621636,959398.4131785948,982763.8708482088,830042.7908794908
2023-03-03,957936.8956243453,833977.0920434666,971730.2236617898,998221.3693206763,843446.1036987873
2023-03-06,960905.4280933227,836668.5471666979,978718.249602267,1004865.0552205486,844025.691833391
2023-03-08,962991.8504191377,836447.379472569,981411.5298574327,1007301.9044678857,832265.1986006817
2023-03-09,958363.2236984385,832484.1311602443,973650.7104600086,997951.8764658937,816902.117453762
2023-03-10,956846.1762102896,832672.2513005022,965488.6576246235,987926.7865924645,805074.895491408
2023-03-13,946960.2760970681,822159.6165871883,950664.2157193332,973255.0503869638,803859.4248095483
2023-03-14,941939.7294742143,818050.1349119287,944356.8800262564,966957.4278857288,817104.3396069877
2023-03-15,937451.6964339791,815014.5971068456,941841.1906876847,962920.6864355337,811400.2293513775
2023-03-16,941622.3570390912,815142.1907365996,942502.1628839481,963683.7324051196,825650.0452238568
2023-03-17,943167.9826316673,818317.916012209,948454.3167438369,970177.1583086575,816551.8297974572
2023-03-20,940117.4646784122,822121.4844018399,941630.7149431356,963842.6356755793,823834.1686725157
2023-03-21,933646.6328574325,828912.7652164471,947826.2293755286,970599.7922511497,834529.3435898428
2023-03-22,932805.9079841272,836593.8652986398,951029.2244639997,973118.863413885,820790.3002589238
2023-03-23,933159.423291741,838946.3468010874,947319.7901793829,968863.7130752127,823239.9724941225
2023-03-24,929249.6033957023,834099.6895768261,939124.9167442222,961383.1809420681,827882.8872620403
2023-03-27,930934.663230282,825026.0662201775,938052.884198519,963689.3837766631,829246.3725478719
2023-03-28,930086.4416041949,820094.0729222876,934705.1830214092,961760.3822897983,827941.2685380911
2023-03-29,937434.52366749,824343.0381099056,943505.1501365813,969079.2408723147,839728.8909949808
2023-03-31,954359.4939345225,837189.7140767865,957464.759603558,984911.2812235508,856720.2345838057
2023-04-03,952077.5299759841,843673.1905956012,960365.2399661132,987084.2889876488,859889.1112048785
2023-04-05,959956.0251797604,854284.9552927995,967432.2023393188,996105.2077056341,852773.6196034858
2023-04-06,962015.3672794332,859862.6464569443,970707.5183580194,998493.7432668341,855825.8354706716
2023-04-10,964792.6712950998,860930.9887966209,972769.3713795379,999906.4753415146,856678.4973158356
2023-04-11,968059.9191036818,863854.6654893805,977813.9168334993,1005480.7222851753,856643.0715371683
2023-04-12,970313.0603872617,862606.2214953752,982700.5894220042,1010592.5540631256,853100.9517624071
2023-04-13,973843.2797297663,866369.7463068317,983535.8768977019,1011477.6031713281,864415.3652189095
2023-04-17,977695.9334592575,871063.9276819855,980250.6697393428,1004604.0948286848,865478.5457717857
2023-04-18,972734.3871645475,871967.8333464257,979770.564096833,1001954.5988756209,866218.7205898595
2023-04-19,971028.0378798974,869403.0947239951,977133.2265860988,999605.7337264324,866145.7312700192
2023-04-20,972393.0875766742,871959.6184236845,977452.1837259923,999929.0808276888,860989.9570971425
2023-04-21,977266.0805944285,875606.159749863,976488.6325756335,999906.4753415146,861767.5936581749
2023-04-24,978691.1206495431,879576.2587305342,981950.8538815337,1006677.8157515471,862501.4569869459
2023-04-25,980719.9330623182,885960.6290053262,983631.2557444078,1008144.4020727015,848864.5681643389
2023-04-26,984477.9170104562,887010.6380801646,986176.5542737752,1010660.5921440617,845603.9204528392
2023-04-27,986470.1719487703,895966.9063369551,991480.8384860391,1016416.4586555631,862149.1333663499
2023-04-28,996842.3137505439,908849.2801243423,1000984.553765088,1024923.8782415325,869264.6249677427
2023-05-02,998846.0363054771,921850.0292588063,1006325.0626706462,1029613.0760769907,858861.3564306695
2023-05-03,1002985.4426899973,926636.9286250374,1004723.5972405005,1026333.729224838,852850.7826501231
2023-05-04,1007884.4257418931,920764.3921616117,1013214.4341272579,1035749.0250275976,846694.2811290033
2023-05-05,1005958.1176995824,924093.4651312036,1004868.2391009596,1025150.8195929284,862336.747475786
2023-05-08,1006796.7246176774,929388.4852101373,1014635.0330036501,1036236.9267708573,862726.6346375551
2023-05-09,999056.6920480715,925845.5634821167,1014207.5302402327,1036324.8000577991,858775.8459304383
2023-05-10,999457.7442659432,926432.2849292309,1017196.773946995,1039113.364075317,862626.5669926415
2023-05-11,997094.9558669355,929999.9780568138,1018380.6277533817,1038086.4766224922,861163.0140618964
2023-05-12,995045.0249053384,925271.614860916,1017939.9582131463,1039096.4099606863,859799.5287760647
2023-05-15,999421.4864672509,925198.2986373346,1022698.4313551696,1043864.9486201678,862342.9571668742
2023-05-16,997924.8395529955,925243.1158565755,1018929.8429171412,1037490.7555750781,856843.2068269955
2023-05-17,995584.5648310342,924978.6000328683,1014585.7057617173,1031547.7289353991,867031.7829295592
2023-05-18,989181.8336540767,918809.6720549277,1010327.1205415206,1028608.7941103401,875220.9402999281
2023-05-19,988190.1093803745,917004.1344019109,1013349.2490762383,1032776.0711620705,873955.4866947188
2023-05-22,994246.5378483199,921030.7147399883,1019692.7452344296,1039073.6936633055,874090.9801182997
2023-05-23,994318.7185948916,915418.8950644534,1022372.8587127774,1040979.9788527893,864281.9077596198
2023-05-24,997244.0650985776,920474.836179942,1020478.7054681946,1037428.3688656855,857956.5738996504
2023-05-25,997264.2957028853,922889.996005332,1023063.4400998363,1039456.657193786,865470.1983181917
2023-05-26,1001007.2755971329,934372.7431947972,1032369.8464111541,1049566.8500739885,876763.7940398164
2023-05-29,1000999.2742450569,931279.9155824088,1037342.0067067065,1055200.7134468735,876763.7940398164
2023-05-30,1007675.9784239058,926971.3173622219,1039124.4029187853,1057197.7530146742,876778.3511844985
2023-05-31,1002894.382066336,931213.2406808665,1036950.7286365834,1051555.4679900776,871422.4417217947
2023-06-01,999623.8386384113,933503.7590273753,1036552.770835782,1048908.742317182,880009.8337075266
2023-06-02,1003485.7741501393,942801.7234081721,1039897.1963757323,1051538.4030642402,892800.2703760578
2023-06-05,1002679.4686231111,948645.0764773341,1043073.8579105674,1054928.3395007157,891011.4721497899
2023-06-06,999804.9213902125,950547.0280533562,1044316.9300985453,1055220.5486528792,893108.8207643926
2023-06-07,1012679.7159002232,965814.7366927852,1052755.1641062102,1062448.6528570785,889704.2812766107
2023-06-08,1005916.6575465666,961104.6612527668,1047121.967386215,1057237.5342378926,895210.3431057923
2023-06-09,1003760.5243561898,962525.5460815232,1044251.160442635,1053200.7927876974,896238.0978800013
2023-06-12,1009047.3089767339,975442.2059259564,1047651.4002706575,1055362.3869975016,904592.0665597446
2023-06-13,1017350.5770331207,979325.9798492525,1055484.6048264909,1061867.1156441267,910863.141971353
2023-06-14,1019242.6984686299,981647.5191439834,1057842.4212996059,1064122.345323623,911609.526480515
2023-06-15,1022095.1754516794,983102.7274673723,1056145.5770227541,1060275.6450929805,922711.232567692
2023-06-16,1024974.3045182112,987100.5961727856,1064248.411476548,1068099.470344594,919323.3879870981
2023-06-19,1022635.5099977261,981322.1302023898,1061663.6768449063,1064096.747934867,919323.3879870981
2023-06-20,1026013.3377533638,982503.5488139276,1065465.15011089,1067571.787378116,914970.2927360357
2023-06-21,1025389.78347338,983044.7595440506,1068161.7060032152,1069849.7333549932,910171.015910552
2023-06-22,1019396.3720489683,976717.0177068717,1061574.8492725196,1064993.2105973633,913548.4770732606
2023-06-23,1017626.7343148764,977841.811493579,1053090.5636600812,1058993.4486198353,906551.7839882607
2023-06-26,1022985.679792731,990059.7223494138,1056665.182995718,1060451.502478071,902484.2327290422
2023-06-27,1022417.8794561196,988702.1114495898,1063067.833307321,1067611.5686013342,912822.9611980836
2023-06-28,1030961.3854488459,994275.5730731804,1070545.8560299664,1076388.4810420864,912499.751866852
2023-06-30,1037350.3706395813,995848.724826551,1080595.4466074354,1088697.2790751432,927827.4072351045
2023-07-03,1032331.0434787135,996082.3236394179,1087037.533021313,1096271.4466779798,928913.5941844716
2023-07-04,1027854.9956241287,995030.2904658497,1088885.7631174817,1100041.4655535608,928913.5941844716
2023-07-05,1045051.9602292641,999842.1741317549,1091592.081693106,1100580.4512631258,927085.1964527394
2023-07-06,1048355.4535543965,1014010.0069571341,1098027.7452890235,1106185.9469670863,919740.3534739404
2023-07-07,1045310.15111554,1009431.7972113825,1089467.7988810167,1096796.2485530826,917105.2048918114
2023-07-10,1047059.2638750721,999544.249902231,1088734.441526344,1098163.5480330014,919310.8668067071
2023-07-11,1058464.0987051735,1014279.0625346557,1094933.2315958969,1102900.94874339,925509.0546966897
2023-07-12,1064656.3365634591,1019204.8986343616,1094476.1838698634,1099774.8537901533,932368.2183938175
2023-07-13,1072576.3006368412,1014513.6302735619,1093348.2085797286,1101445.6651653226,940265.5202830398
2023-07-14,1087254.7083470651,1032282.7362738616,1102657.8263000266,1109998.5173460538,939302.3055768625
2023-07-17,1088301.9785430878,1036753.2885058845,1109668.9743851598,1118335.7309184764,942923.6752616595
2023-07-18,1087840.3501417313,1034936.7688458592,1109665.6345198206,1120480.37101365,949634.722556601
2023-07-19,1095180.2507713647,1036100.3990923298,1115025.861476516,1125240.4880214194,951873.8760840874
2023-07-20,1104811.492505889,1044715.92065853,1120882.7007178783,1133523.847347368,945442.1630899016
2023-07-21,1105225.7798367164,1035311.2186456192,1111790.0457882693,1120239.2458277917,945748.5757157305
2023-07-24,1106706.511889005,1037704.2695255672,1109215.1380681063,1116117.4013708234,949563.8709992665
2023-07-25,1109436.842947303,1037977.9840669942,1111303.3246432606,1116585.4679080772,952236.5831225687
2023-07-26,1116219.7648551683,1048499.056567148,1116439.909078589,1122128.576902645,952088.5685185967
2023-07-27,1121944.688927128,1056821.7405483762,1112769.9108962466,1115411.0907390863,945971.7174020485
2023-07-28,1126555.8470051503,1068959.0987330128,1114687.1220573056,1114625.3284721195,955315.8773148278
2023-07-31,1146211.076503677,1076958.584547435,1121964.5601750603,1120738.5611253455,956718.9621061236
2023-08-01,1134451.216447215,1065140.907541126,1121448.2940674357,1119589.6705339039,954169.2222260113
2023-08-02,1127211.922340501,1063671.6867886027,1108807.2891276465,1107845.4555991683,940963.9578331435
2023-08-03,1128054.1834961541,1072023.5822940283,1103108.4512081,1099624.4829826122,938566.4062838001
2023-08-04,1131376.7435553644,1076650.756206894,1110888.9244284816,1107303.5887982282,933591.9347310568
2023-08-07,1132081.6116740876,1076621.1454630173,1115213.2793045887,1111859.4807519827,942016.7549681346
2023-08-08,1128269.8566668087,1078087.8908186685,1114746.3404388968,1110358.7645791534,938043.0616627415
2023-08-09,1124452.9149599113,1077477.004113143,1118337.3379603315,1113859.4014111585,931440.4294663076
2023-08-10,1127461.2257511648,1073549.5439418817,1114128.0799820675,1108784.3589538448,931673.9545705108
2023-08-11,1124462.7740466967,1067095.493544828,1108886.2897885544,1102271.2086555078,930677.3500499575
2023-08-14,1120563.695843158,1070304.7319518598,1106610.6853853273,1102625.8045170638,936029.187584079
2023-08-16,1125508.253540757,1074411.4869826676,1108419.3509228625,1104353.3512300819,918226.8176198457
2023-08-17,1128242.8789828806,1078456.9390338627,1105078.201020072,1098694.001279648,911144.6140346144
2023-08-18,1133058.6851921128,1070422.5974097569,1102148.1114667212,1095567.9063264113,911009.1206110336
2023-08-21,1146918.657876196,1078285.6050827208,1108353.5812669522,1100302.4259454247,917276.1240940595
2023-08-22,1147281.915937668,1079671.0743254905,1111852.4755788404,1100464.0994960528,914728.4201782385
2023-08-23,1150846.2479001358,1084347.8223487763,1114812.110094807,1103161.9091352536,924831.4857805709
2023-08-24,1149073.679670493,1074007.8716941238,1113490.1657022806,1099910.9299520254,912385.1270772562
2023-08-25,1156653.9515223636,1068159.0940143508,1106301.490928733,1093051.716255051,918514.4993741955
2023-08-28,1157061.6872914783,1073301.2846402465,1109882.7257668683,1095335.3136034717,924268.6434522625
2023-08-29,1148412.0515136414,1069517.7626621167,1113302.7478742078,1097411.8048065025,937678.2168617544
2023-08-30,1152354.5194662628,1068440.8372388443,1116041.9512777876,1097684.0679414535,941272.5082214783
2023-08-31,1164417.2119133798,1073125.26205654,1113105.4389064766,1092370.8922008635,939769.3557852688
2023-09-01,1159781.5059444252,1075221.883477823,1122987.3297070104,1102668.3560204504,941460.1223309145
2023-09-04,1157404.0577423847,1079917.4594922548,1129985.1183307867,1107973.1101093285,941460.1223309145
2023-09-05,1161252.1541104882,1081771.323559465,1134664.6550400816,1110588.5870219246,937511.4713863033
2023-09-06,1160580.864357357,1092575.595911256,1136802.1688571686,1112639.5916474059,930975.517020407
2023-09-07,1160216.9688280327,1104330.948669325,1143438.3528297972,1119220.8908378857,927985.9070551762
2023-09-08,1169180.1812106057,1105660.951704822,1150143.517867316,1124491.515075089,929309.7928355435
2023-09-11,1174646.348077778,1111735.0724211372,1161054.729474119,1134499.6508338875,935557.9636488756
2023-09-12,1164430.0833891565,1096959.0217487721,1148374.4168884144,1134320.912357422,930229.1325112449
2023-09-13,1171704.8825555982,1101213.6551962777,1152728.3167271374,1138678.2306287051,931384.1350536552
2023-09-14,1181695.7890657964,1112340.518088111,1157776.1378182587,1140556.1481492645,939235.627746325
2023-09-15,1197092.0986841773,1123775.7256916235,1161873.6387640187,1145619.7770522845,927814.8860547135
2023-09-18,1196351.7420246804,1117831.2197362054,1158440.3856516816,1142269.6218390272,928484.1075172382
2023-09-20,1187098.9761952963,1113968.821822246,1147637.7196684028,1129112.674829611,917782.7738079302
2023-09-21,1183126.5683387842,1102778.158197205,1138045.2410451467,1120088.8750202507,902730.2790136364
2023-09-22,1188794.243061674,1100979.8088411132,1135236.9281203174,1116225.2206749776,900657.9727598157
2023-09-25,1177214.9890281574,1092319.4824130123,1136009.7215772641,1116242.285600815,904281.3784089041
2023-09-26,1166056.417667795,1099300.0543876642,1136285.9027495442,1115683.3538740373,890957.2137014288
2023-09-27,1173273.0204426176,1108839.9515686617,1140551.03924406,1118619.4076077212,891161.5227180531
2023-09-28,1159141.818966455,1097781.9854934511,1129294.5369437279,1107675.2495856215,896413.292607261
2023-09-29,1164070.953335444,1105189.4333185197,1137328.3261044517,1114185.6296037901,893984.3872078328
2023-10-03,1166368.4536861924,1104645.241121799,1134815.976631219,1107970.2290179534,881767.3798819243
2023-10-04,1164337.976129996,1105306.6253698212,1126180.3694276435,1102713.6778040056,888918.2972619843
2023-10-05,1168499.393797533,1107506.431675025,1130961.900486143,1108934.7297613858,887759.1209927769
2023-10-06,1175350.4226950149,1106910.2573000002,1137394.095760362,1115047.9624146116,898247.9000300814
2023-10-09,1173507.3782165619,1100132.578518223,1126482.8841535593,1107039.747314989,903910.3239168288
2023-10-10,1182870.3221599478,1108806.6552985357,1138035.3499054883,1117110.2697831802,908617.880550993
2023-10-11,1191979.0424602188,1118672.0716951992,1144875.394120167,1124003.6133318292,912518.5845365458
2023-10-12,1200540.094411765,1120001.0974842065,1145687.6236793883,1123019.277382391,906818.5971086253
2023-10-13,1210430.8504592073,1122133.5867691636,1143757.3099696906,1120582.5389462607,902267.402532027
2023-10-16,1208868.4476519965,1131522.6753137389,1143931.625249125,1119487.5026012931,911826.3566775302
2023-10-17,1214588.3511689273,1125878.6442416755,1148844.5671630863,1124012.1457947479,911736.7742487164
2023-10-18,1204953.7261722577,1123642.3864594968,1140708.9121095168,1116046.4821985122,899519.6651245934
2023-10-19,1206565.106421796,1124755.1728307607,1138505.6286365192,1113413.9403600788,891889.1763557359
2023-10-20,1208546.8047043518,1119005.55116199,1131813.5661476387,1108758.8723762953,880664.4980253691
2023-10-23,1187777.6865043582,1096986.2702051152,1110763.9363909801,1093956.6005692594,879180.076460639
2023-10-25,1183905.6473187723,1092698.8203387673,1102352.1001651306,1084901.662810806,872869.2997453518
2023-10-26,1167285.1183896854,1084335.5657633375,1088846.1985588481,1069872.4496523743,862541.0564924101
2023-10-27,1176677.7960299395,1102203.4067355378,1102657.8263000266,1080652.1638436774,858400.6177115659
2023-10-30,1184732.5941845512,1097531.4186354172,1106646.7816222624,1085965.4503954742,868710.0282948137
2023-10-31,1184604.3032255857,1104190.6126494315,1105002.5402245033,1082487.52986085,874334.8886403881
2023-11-01,1175751.53940587,1106556.5873283981,1100520.3124829393,1077355.862876894,883520.6505313104
2023-11-02,1184351.0338263924,1112948.2967231916,1110902.1554334792,1085531.402898688,900182.5750978154
2023-11-03,1186536.0539866984,1111043.9552530423,1118146.5802669195,1091054.5658760434,908638.6473867635
2023-11-06,1196825.2641406502,1120176.913984876,1128567.8593197337,1101332.1944896246,910231.4840500013
2023-11-07,1198418.9067126191,1124681.1466681072,1130435.74323886,1101045.6367090046,912816.6497087808
2023-11-08,1207326.5346680228,1129395.6484580268,1135164.4787337286,1103133.5414663292,913733.953420191
2023-11-09,1200946.762659343,1127936.2474262668,1132481.1538464008,1100398.942506492,906347.4749716364
2023-11-10,1200280.7140112042,1131068.0220913126,1134960.6184916783,1102103.7729221291,920501.3969259993
2023-11-13,1199354.2843740445,1130458.616699241,1139038.3371581214,1103136.4225577044,919732.0060203464
2023-11-15,1208732.2440694987,1151391.608424528,1151498.4755441572,1116293.2587559137,938772.7512647156
2023-11-16,1213180.297186942,1150384.6240461732,1157092.1077055188,1121385.2553278583,939890.2920641674
2023-11-17,1213563.4821974116,1150565.6252464007,1157578.8288505275,1119490.3836926683,941095.2775299274
2023-11-20,1214444.2877060794,1155494.5056090252,1155812.9392806059,1117345.7435974947,948050.2333469574
2023-11-21,1218627.4885395195,1158331.6618217472,1159361.1608344268,1122417.9049634335,946134.2891507025
2023-11-22,1219575.2074539403,1154202.7695138496,1159367.712108746,1124031.9810007538,949976.6627593118
2023-11-23,1218869.4912411103,1157272.9155367843,1160137.294156713,1123473.1600851829,949976.6627593118
2023-11-24,1220103.8217176176,1158307.4904836332,1160406.9240546736,1123058.9477944027,950543.6788144172
2023-11-28,1227882.2882740297,1154582.674758439,1166872.132613207,1128448.8048900543,949615.9916851218
2023-11-29,1234288.9989578184,1158172.9897762663,1177546.470693645,1140187.3684532463,948717.4188451909
2023-11-30,1233738.3143589552,1163077.8419234515,1183061.230650458,1142261.0893761085,952307.4346799032
2023-12-01,1234862.586670611,1167372.5742635422,1191440.3105047115,1149906.1761512563,957901.0429736073
2023-12-04,1238349.0989524312,1178867.8405697392,1213351.4970625243,1173672.6313384287,952720.2264399484
2023-12-05,1236350.585880621,1180814.7075364438,1222562.5887553156,1183221.1222116854,952178.2527456251
2023-12-06,1236499.2613871237,1183334.9200062845,1228577.1724057756,1187907.4389557685,948458.8513802056
2023-12-07,1238452.8217699025,1184775.6792110128,1230145.7530079663,1185833.8288441128,956016.3508292228
2023-12-08,1231250.9583290007,1179203.0790704936,1230122.7593196693,1189706.0156523045,959931.7137576723
2023-12-11,1234487.9505065784,1178669.4670286546,1234509.5439863477,1191277.5401862382,963698.9602839355
2023-12-12,1228506.5751817203,1179411.6945057067,1229024.45744851,1186131.6893678198,968131.3563441411
2023-12-13,1230416.0162822327,1184197.6124763344,1233276.362938028,1187263.515033424,981347.0041548942
2023-12-14,1237273.6441186236,1185395.5287455425,1247903.560103767,1201807.5967287645,983944.6909940647
2023-12-15,1250446.0420627324,1190326.4265255383,1259163.4022694386,1217350.3090192121,983869.6657099331
2023-12-18,1254946.9471373283,1187519.3874950937,1259853.9836564974,1215194.3661809517,988324.9663684148
2023-12-19,1256589.4430818101,1197436.0298396696,1260754.9765599258,1217148.8542453656,994122.8836787432
2023-12-20,1240663.3736879514,1172622.1812803252,1235117.9133035187,1199960.9279685048,979524.9179124647
2023-12-21,1243847.0507059086,1184907.9594898163,1245795.719705655,1205912.4870711025,989615.4623344061
2023-12-22,1255091.1445624994,1192920.081192906,1253221.0110928488,1211265.4440349108,991258.2819209934
2023-12-26,1256747.6014430192,1199731.7934537542,1259413.2498880825,1216482.2140256404,995452.9791501986
2023-12-27,1261934.4348329601,1208963.5295736413,1269153.7102371368,1228589.5572848506,996876.9325754796
2023-12-28,1270663.0592733754,1224497.3958609637,1275881.9974193117,1235621.8580867471,997245.9511032637
2023-12-29,1272749.0620025175,1232950.8465312119,1277848.5358223037,1232938.343093215,994427.260340281
2024-01-01,1268878.590347228,1239552.2298043112,1277848.5358223037,1233534.0641406293,994427.260340281
2024-01-02,1273764.921155825,1259514.5639492145,1277141.5120212673,1229216.5270925644,988798.2262679095
2024-01-03,1288220.0623470133,1263399.6572870659,1273770.8171558606,1220794.0997021617,980871.7082911083
2024-01-04,1302839.3057849393,1268083.144663683,1285221.2885585849,1228807.9661733278,977508.9060712964
2024-01-05,1313305.612383262,1260589.938578243,1288466.99538649,1231769.6172957676,979293.5305707674
2024-01-08,1317790.781050031,1263805.4533377448,1277095.3961883145,1220547.32314476,993115.8957403046
2024-01-09,1321806.051638321,1256998.7390671412,1279847.959053251,1222354.3214930082,991648.1690827624
2024-01-10,1320273.9823697405,1262977.3646375386,1283682.2529190101,1226544.2040309128,997266.8197372486
2024-01-11,1323059.0921714662,1267772.3920275064,1288055.93503705,1228161.1611596083,996597.5982747239
2024-01-12,1327272.5965387844,1263794.5542047264,1298661.2920525977,1242194.7356255148,997346.0187481772
2024-01-15,1333498.1816404755,1274740.4698416167,1307865.83247107,1253706.2470261042,997346.0187481772
2024-01-16,1321036.7193111782,1274531.152331472,1304051.1924282683,1250010.0284142096,993624.5814184665
2024-01-17,1319517.8106236241,1270141.3747070716,1281692.7208277213,1223891.8269864738,988043.4943051534
2024-01-18,1320752.5613695725,1267585.7144949134,1276904.7669512618,1217668.004748925,996743.4751161899
2024-01-19,1334551.9680370009,1277341.0059116294,1289506.2073324174,1226754.191267678,1009016.8786529653
2024-01-23,1319485.9843077362,1270908.2122455223,1263201.5563772481,1204990.5378310569,1014185.1740062331
2024-01-24,1340352.1718483034,1291160.784176092,1279285.5771126735,1217197.057120296,1015008.619763818
2024-01-25,1347531.6819669565,1296564.2819091585,1275470.937069872,1211446.9527915448,1020347.9361175484
2024-01-29,1365002.1070358271,1297261.1244685862,1296428.4636169842,1233290.057863396,1027388.4024348097
2024-01-30,1370807.1825589759,1299972.7536045886,1287388.3473382879,1221063.5925569441,1026771.3016581403
2024-01-31,1380051.2376177236,1324630.22038392,1302377.2776115339,1232614.885180752,1010234.3852991163
2024-02-01,1389267.128358951,1314839.539827874,1300749.478627752,1231012.1118865188,1022855.9387296906
2024-02-02,1407068.3379697541,1323812.6543689615,1309526.5162828069,1239882.7706081695,1033784.5878521136
2024-02-05,1426535.3242901564,1321399.7363909935,1305757.8636165988,1235224.7107218043,1030490.6012253452
2024-02-06,1426102.2625113064,1338915.295736105,1317612.8440944436,1244171.93998731,1032871.4578675005
2024-02-07,1431242.4668679982,1336667.0461856863,1322598.2353949936,1244234.3266967025,1041383.8245691009
2024-02-08,1425358.4885673937,1335558.7523497848,1314574.3373739282,1232175.1863124224,1041978.0207474941
2024-02-09,1411311.229811531,1332323.1219660025,1312860.9864549192,1235837.4966950559,1047961.4144047528
2024-02-12,1388601.422005113,1322033.9482018983,1294031.0825852356,1226393.9440345785,1046966.9476467052
2024-02-13,1391136.040460531,1322077.88365579,1301114.5516005983,1233610.634684484,1032650.4539436883
2024-02-14,1417322.5752398446,1328688.4826001516,1310282.8673257763,1239102.6597127463,1042543.0008383082
2024-02-15,1433894.9334910212,1345958.536991871,1317826.5954761524,1243113.8037741855,1048611.9049957984
2024-02-16,1451566.5752763161,1346900.4167794774,1326238.560158361,1250486.5166031756,1043574.9293393143
2024-02-19,1457614.0100367207,1347972.7060456094,1326238.560158361,1255113.3277292412,1043574.9293393143
2024-02-20,1447168.309725334,1344658.470541486,1333275.9133407709,1259351.4131420762,1037307.9258562884
2024-02-21,1430097.0175524412,1336039.4212424385,1323831.4164433132,1251300.7573502737,1038619.2904562647
2024-02-22,1438148.0709001122,1344139.6138191344,1334068.3606206754,1260514.4875679798,1060557.925474545
2024-02-23,1442828.30892773,1350592.6243133065,1336011.9053353707,1260244.9947131972,1060926.9440023291
2024-02-26,1443765.5792239844,1351507.0719445625,1332217.0475718859,1255102.0249861542,1056909.4774646747
2024-02-27,1430030.763836051,1349344.7792469955,1334653.7362495495,1259430.864777306,1058712.9346338394
2024-02-28,1411845.0170628268,1334245.1918095995,1316734.844879312,1245405.9335855248,1056957.424423733
2024-02-29,1431155.3443046974,1343414.9828563284,1321315.7271047414,1247201.629190686,1062484.3548868997
2024-03-01,1416768.0808231207,1341215.6223359436,1338399.395227461,1267396.528373542,1070992.547861703
2024-03-04,1423275.3980576699,1328953.8798643353,1343808.9494260892,1271189.2635465038,1069714.5730761029
2024-03-05,1421422.2888238325,1315861.6087781033,1340517.1267652311,1268392.277877274,1058810.8645162473
2024-03-06,1419415.5246932863,1301144.8795839795,1340356.0424907946,1275072.8639089894,1064254.3204434738
2024-03-07,1413939.198899844,1311911.4806567836,1343989.8159798426,1276179.2029970442,1075220.5331070698
2024-03-11,1401228.691226777,1300197.9364877043,1334384.1063515889,1267050.4649749047,1067002.1596491218
2024-03-12,1384297.83840771,1292273.088383499,1326666.0629217785,1267223.4412686198,1078954.4916171716
2024-03-13,1349087.4333382354,1256078.188617998,1292130.442294513,1248046.89707567,1076878.0116365538
2024-03-14,1364034.5731718228,1287089.742590021,1309891.460799294,1256497.6921349973,1073786.1962639038
2024-03-15,1338696.6391132602,1300100.3926329978,1303896.5309717916,1249502.1806537374,1066824.928957571
2024-03-18,1338290.2792663882,1311748.8051103046,1305073.8335038591,1251337.54667091,1073565.1923400916
2024-03-19,1319035.3265293262,1285326.5381831385,1289779.1770957173,1237820.3524283944,1079629.9227707845
2024-03-20,1318190.1304809714,1292597.6938464597,1291193.2246977903,1239048.6946550657,1089243.135364649
2024-03-21,1336410.2119688957,1307456.6000207842,1308645.177202336,1248855.375640018,1092768.5093331148
2024-03-22,1348096.0651630526,1325446.7588015096,1315037.9363742808,1253666.5766140926,1091236.242607541
2024-03-26,1355210.1797377425,1321208.7041443998,1315738.408900998,1248444.044440613,1084856.6502992103
2024-03-27,1360758.1559666572,1318005.2462811403,1321167.7453789432,1255192.779364471,1094219.6428816835
2024-03-28,1366575.2480114666,1328633.3091020228,1332174.2716042723,1266724.236782273,1095441.3232546314
2024-04-01,1361596.254669882,1344178.2912340339,1347788.0136086666,1274389.1587634268,1093235.5595415211
2024-04-02,1355475.3058683407,1351147.2611102217,1352865.3796624038,1273895.6056486233,1085321.562745111
2024-04-03,1361433.1052631114,1353157.419599165,1355229.747409838,1272837.4694354988,1086505.7813751004
2024-04-04,1364026.9532428638,1349104.405328347,1359106.9456995702,1277376.296463416,1073104.453620988
2024-04-05,1366942.9827194086,1350075.1134934772,1362424.9734577048,1277322.3314057353,1085015.0483210676
2024-04-08,1379444.9583599758,1350472.624149376,1369265.0176723837,1285980.2326104527,1084608.568050325
2024-04-09,1387803.4435065365,1348538.1496722728,1367397.133753257,1284644.071079627,1086176.3623527808
2024-04-10,1385989.6520218742,1345579.441882377,1375585.4559140988,1290944.574672237,1075904.4135124914
2024-04-12,1377791.3681169956,1330858.5576748152,1364424.396688652,1277645.7893181986,1068142.6050468502
2024-04-15,1372499.384053453,1320994.438717901,1346880.3409745598,1263637.812241048,1055302.0836567548
2024-04-16,1370472.3818565623,1322248.8416450769,1343213.6826575566,1256568.6113073085,1053131.8475205263
2024-04-18,1375442.5678536156,1317533.6688954025,1336748.4740990233,1247941.958862891,1044732.0696442305
2024-04-19,1380964.1762793886,1322466.304791456,1340727.5382816007,1256517.527341003,1035581.7335319755
2024-04-22,1381322.277383874,1337881.4014928383,1353200.7792162749,1267263.2224918383,1044623.6545457229
2024-04-23,1389084.7024443392,1341309.1222301573,1358317.7098286457,1269056.037005624,1057122.133934893
2024-04-24,1388743.8406484474,1345279.3980983943,1363447.7429896547,1271007.7547898698,1057347.311585502
2024-04-25,1399854.4252706498,1336185.5339689192,1372474.6282633536,1280536.4104571205,1052508.435254554
2024-04-26,1394684.0558399574,1357373.6165871096,1370596.8532045686,1272003.393482395,1063253.6439943379
2024-04-29,1411461.88742515,1357401.013878048,1380649.7194191974,1284680.9712114702,1066633.141121338
2024-04-30,1418579.7453049833,1376266.2002235726,1380978.5676987492,1282493.7796129098,1049854.4540027312
2024-05-02,1415802.824162213,1389137.6302783398,1386661.0916606775,1284953.2343464212,1055798.3499527401
2024-05-03,1405115.7793745596,1386669.3799732868,1378502.442918811,1275174.9210303936,1069055.7350314632
2024-05-06,1408327.4729863547,1382735.807339326,1372280.5307046024,1273294.122418459,1080094.9370148997
2024-05-07,1409962.8995930946,1381039.6022226533,1357225.9592318053,1265339.872376517,1081545.968765254
2024-05-08,1407921.7553071675,1386824.7060577958,1361754.1743499627,1265339.872376517,1081539.657275951
2024-05-09,1393211.1035351478,1366597.0540608128,1338070.546947909,1245766.1808186243,1087045.7191051326
2024-05-10,1403096.595053952,1364598.846433399,1346245.6381037529,1251309.1790019856,1088838.6910581975
2024-05-13,1402775.164992815,1362437.0517818648,1349001.4123776695,1254080.7889048727,1088575.9498664152
2024-05-14,1407889.3244209378,1371495.665799532,1360366.4603015257,1260537.203865361,1093842.2769003054
2024-05-15,1400250.3219440028,1365399.8910840312,1364184.3117533072,1259555.749007298,1106657.6541314041
2024-05-16,1407455.5942953415,1369592.9432291798,1376496.4684135446,1271089.976705268,1104353.9605358862
2024-05-17,1404335.8394521326,1376264.9970252411,1385408.2567894002,1274621.7514863661,1105640.2827750803
2024-05-21,1403160.9798892764,1403009.7445186346,1393504.4757406954,1278193.3074906825,1109422.1882442404
2024-05-22,1413644.4443435224,1408844.7191109746,1396799.5098105334,1282093.8619677988,1106419.955300404
2024-05-23,1422782.8404238673,1413602.8405917757,1413360.360551309,1303077.4045089968,1098253.7025283114
2024-05-24,1420223.2224768044,1413477.5440345355,1412978.845164485,1302478.8023702074,1105942.623472327
2024-05-27,1419182.5232838604,1420010.127461234,1413587.2144816562,1301080.254129989,1105942.623472327
2024-05-28,1410864.1050139528,1408225.4288363846,1406638.6246434534,1298566.945150004,1106217.7840462856
2024-05-29,1409518.7810934973,1422247.3228910128,1398019.5883102145,1288158.7809348875,1098068.226181381
2024-05-30,1389071.484738524,1406710.0991307665,1383698.2457357305,1275901.177679343,1091507.2294547027
2024-05-31,1388461.1541438864,1404658.242409587,1387956.8309559273,1278286.8321491678,1100269.7143694796
2024-06-03,1414670.1448300707,1423956.3655707224,1433607.5234320457,1319885.2483467523,1101497.7062317303
2024-06-04,1352603.1305302049,1385905.8964385474,1336692.595582771,1241624.50115565,1103153.0469987087
2024-06-05,1391048.2263105386,1416378.5103806262,1384740.6690906382,1283373.1773495688,1116222.8179679958
2024-06-06,1398277.108063215,1433687.715161952,1405168.6985251284,1294779.8613485857,1115999.7780798923
2024-06-07,1433775.243764312,1462980.878289803,1431420.6823730257,1321374.5509652875,1114755.193108668
2024-06-10,1443254.4972005242,1471760.3304713946,1434321.0985074013,1319618.525772138,1117632.2142485944
2024-06-11,1444807.7167012708,1472748.554225611,1437198.5209534802,1319939.1025932261,1120661.4237192895
2024-06-12,1455816.3604149604,1473378.3308787127,1444364.0735823717,1323235.4035600096,1130191.1617772137
2024-06-13,1470708.1507215002,1478097.3121525643,1451819.1668448998,1327544.5189563623,1132841.071100454
2024-06-14,1484822.360558423,1482007.127810179,1461026.918672352,1331328.7216664054,1132394.8895260326
2024-06-18,1479516.9680004015,1498682.0393696441,1468610.0829250028,1336565.4376743475,1143951.0228430103
2024-06-19,1470360.5615762924,1474230.338451813,1461724.0513337303,1334188.2048562346,1143951.0228430103
2024-06-20,1462060.0683735074,1462138.3467093587,1466998.7263551985,1337081.707086532,1141061.4805226931
2024-06-21,1468873.3936390737,1455419.6991079934,1462467.1713717019,1333342.8261600437,1139278.993785728
2024-06-24,1471843.2493621658,1456020.486191075,1465946.4118606325,1335427.8498259932,1135786.9078334235
2024-06-25,1467790.9529074528,1454328.5756360025,1471309.9786826672,1345836.0140411097,1140254.6278740817
2024-06-26,1464903.3130709005,1457834.2617590544,1475660.6671124103,1354204.4763738317,1142047.5998271466
2024-06-27,1456063.2074991006,1463647.683059662,1482277.068805722,1364172.8309094121,1143083.8038531642
2024-06-28,1455556.6862531053,1470843.59315175,1483743.6550587078,1362249.4807940908,1138415.8467244643
2024-07-01,1462936.7508383219,1482286.7032058171,1494786.4059773313,1369701.645258311,1141461.7511023474
2024-07-02,1462681.0448169294,1479321.814090004,1491511.1541868101,1368674.757805486,1148533.4694714788
2024-07-03,1465582.3852988645,1503232.2815614203,1502915.5097565816,1377902.7826688613,1154373.1240497774
2024-07-04,1471690.7721151744,1512256.8881372255,1507058.998078935,1378790.712868439,1154373.1240497774
2024-07-05,1483780.433150374,1527060.7847536295,1511889.8563793676,1380021.8253752787,1160663.0321310794
2024-07-08,1476493.2556552412,1530829.5949269386,1510804.6570568464,1379834.6652471013,1161843.0770342718
2024-07-09,1483379.0943402064,1530908.3806292224,1517131.6465728807,1386225.8124068216,1162704.08633303
2024-07-10,1482088.7982553474,1525917.308170279,1511232.159820264,1380055.8444157469,1174573.045563354
2024-07-11,1475237.681219264,1521517.0832579096,1513047.3766321184,1379573.5940440306,1164280.2280890795
2024-07-12,1467398.2673571242,1523213.6021756746,1518979.7482126902,1390137.7804382318,1170703.5936296713
2024-07-15,1470726.5399536255,1532109.7274033413,1526503.8225401088,1394934.6867666375,1174012.2391993366
2024-07-16,1484166.0256298527,1537678.960038406,1526135.5381582826,1396426.870476548,1181513.4442357016
2024-07-18,1475553.7237483566,1543257.8854930054,1526517.0535451064,1407084.5815292345,1155951.3017701183
2024-07-19,1460648.279159207,1523263.0166803733,1503073.3826220382,1391768.9214013894,1147697.502533503
2024-07-22,1471824.9062939838,1534030.9002347048,1508930.221863401,1390540.5791747181,1160083.494895583
2024-07-23,1487053.579420223,1537979.1358311502,1503836.2849393268,1388827.216296162,1158275.965797836
2024-07-24,1483809.5263582238,1542963.4417926928,1507535.8280842854,1385108.1705756797,1131462.9268717256
2024-07-25,1481473.896190471,1542622.116669423,1507259.6469120055,1384688.306913356,1125644.2427256268
2024-07-26,1493328.2901712789,1542799.825146329,1531910.1653297571,1409013.5830160994,1138128.1649701146
2024-07-29,1492919.7899479493,1559046.1638565897,1538628.4329159143,1409084.5021884106,1139053.8161351187
2024-07-30,1496158.933652894,1576925.925257115,1541699.9529207444,1410287.3578375326,1133403.9134287625
2024-07-31,1507198.9184274215,1582954.2482883858,1547612.6706783588,1415611.9471324165,1151304.2132754033
2024-08-01,1495542.6665368397,1597784.9961347315,1546020.9679315123,1419001.883568892,1135538.825584538
2024-08-02,1493932.8416629457,1588236.359917635,1529765.9717819917,1402367.016024852,1114665.5088816397
2024-08-05,1472911.4781436215,1568216.2777614524,1482609.1284942538,1364802.5709972943,1081260.3229751952
2024-08-06,1476036.7152941748,1555552.0669058154,1476088.1698758276,1361225.4744326412,1092455.785217983
2024-08-07,1499232.7582035116,1584740.9160265068,1502764.3166218032,1378526.8713852,1084006.0244183377
2024-08-08,1496469.7765849824,1582622.8165469514,1493346.0248216223,1368286.142903462,1108984.354123413
2024-08-09,1502937.494031358,1588659.7830429012,1507670.7072614452,1382498.3450346275,1114165.1706570718
2024-08-12,1485037.8915792785,1613322.9877547491,1507167.5437024592,1381335.2706087236,1114213.11761613
2024-08-13,1484834.4316411233,1599219.440933406,1493352.7045523007,1369534.320336139,1132984.9119776287
2024-08-14,1481472.78115507,1591146.4794064763,1491172.4147676,1369803.8131909217,1137317.138594706
2024-08-16,1490931.1017700227,1602577.4484637503,1516418.0714975249,1392350.4586143412,1157965.2776469954
2024-08-19,1487469.3293500547,1606274.9858032896,1521893.3953520635,1394137.6217565837,1169223.3457917382
2024-08-20,1496938.2408866487,1611544.070478147,1531140.5832817901,1401297.5770686402,1166902.9572890322
2024-08-21,1506679.493310003,1641361.1198556828,1536948.0952812198,1405345.6212619224,1171850.2487184878
2024-08-22,1503202.1495754318,1646651.4200732568,1541686.7219157468,1407688.8350395674,1161382.3383151684
2024-08-23,1501389.5493000927,1645573.3468453477,1540236.5780767386,1408349.823887749,1174718.9224048199
2024-08-26,1502813.7311503985,1650617.3250644326,1549648.190146241,1418984.8186430547,1171014.1799822974
2024-08-27,1513936.2945576047,1640004.9170859943,1552482.8366247064,1419390.4984709162,1172882.1772194938
2024-08-28,1511947.782487005,1656875.801218466,1553212.8541140398,1421353.518998249,1165873.0647523173
2024-08-29,1512029.5685266473,1642920.8835460078,1554229.0723716705,1427004.3364857645,1165827.1537575503
2024-08-30,1521752.9023650095,1662045.9334620049,1561013.2380700973,1431767.334584909,1177593.9075804548
2024-09-02,1517059.940342039,1654704.9768823856,1562733.0118070662,1434195.5405581207,1177593.9075804548
2024-09-03,1520025.757277523,1652334.1128015153,1564558.1197585792,1434260.8083588881,1152686.5312309288
2024-09-04,1523651.043750428,1664007.1979602566,1561957.0069411395,1429656.7135302036,1150839.3008295028
2024-09-05,1520020.5391616502,1672696.8491654627,1562871.2308495655,1426615.7215837403,1147366.047546892
2024-09-06,1513194.8273031763,1679487.232540569,1544120.1991844305,1409995.1486853692,1127562.2228861728
2024-09-09,1520048.7105986944,1689773.990965352,1545728.3443452548,1414775.1008991443,1140619.4726750688
2024-09-10,1519462.0022348138,1723219.537592464,1555034.7506565726,1420715.2464474482,1145721.090197799
2024-09-11,1519167.4563587485,1709927.9418900125,1547642.2156409747,1413756.6350980313,1157940.2352862132
2024-09-12,1532009.1250533499,1720368.7749564622,1572378.1575375944,1440447.8412758005,1166619.3474632648
2024-09-13,1528282.438121132,1712267.331331999,1573749.4291720537,1438609.5941672528,1172928.0882142608
2024-09-16,1523313.9169081058,1709724.9818180243,1576380.2154084689,1440155.632123637,1174402.024562891
2024-09-17,1521154.665839714,1711266.276680094,1576492.100897332,1442130.0662052636,1174712.7127137317
2024-09-18,1510689.7179811415,1697476.0701426815,1571806.012913718,1439803.9173534561,1171310.209190241
2024-09-19,1509770.8734814671,1673609.4490905693,1568866.0322207087,1441974.044026179,1191195.3706243946
2024-09-20,1528655.9359867428,1676682.0075008685,1591217.9525469365,1463258.2173712524,1188883.227777068
2024-09-23,1532459.491188311,1664494.445947766,1603411.5439876323,1471660.8095556493,1192223.1253986037
2024-09-24,1528622.712069245,1663284.34382396,1604102.125374691,1471737.380099504,1195217.0108888461
2024-09-25,1530114.765570326,1641477.3260814669,1602888.7266056885,1475354.2578873755,1192992.414506042
2024-09-26,1538758.3856779132,1629962.3475763602,1611152.7095620986,1487376.4981398124,1197810.5240012195
2024-09-27,1548351.144539616,1638749.281599307,1610669.3282824294,1485271.5284566502,1196309.4075293012
2024-09-30,1538523.4190235212,1637323.1087435295,1594598.410095642,1464387.272756688,1201377.6352376556
2024-10-01,1528256.7126941097,1667203.2351706119,1596315.1008799903,1463595.8591181778,1190175.861505565
2024-10-03,1509524.3235489463,1662186.5166308547,1562387.7211135367,1432572.9320578815,1188339.116320239
2024-10-04,1484065.0387206222,1656846.6767995902,1547885.5119852994,1419211.7599944505,1198998.8145597915
2024-10-07,1473796.498460601,1643049.804847896,1524668.8234489376,1406795.2534684462,1187505.1853465543
2024-10-08,1475164.4951067662,1679705.6719827596,1546412.3744579945,1419129.5380790522,1199011.3357401825
2024-10-09,1480348.4707821289,1681395.2474852346,1552137.545931177,1417359.3290514406,1207540.3973489709
2024-10-10,1471782.9150663,1670392.0247729311,1552042.2313126505,1418295.4621259484,1205040.6403922082
2024-10-11,1466324.8106853217,1670619.2302126219,1552903.7881138045,1416355.1578959967,1212333.3626851519
2024-10-14,1453896.2136103974,1658958.5510644156,1560519.9656507696,1425642.6883773892,1221677.6243961458
2024-10-15,1462024.100465435,1670575.753352349,1561088.770409307,1421637.1956874938,1212381.3096442102
2024-10-16,1461648.8156966893,1658636.2375982164,1556974.9555059285,1416755.1863523144,1218054.2187470575
2024-10-17,1439791.963691386,1628127.5036527887,1537497.2462167996,1404191.0792989375,1217845.7360036361
2024-10-18,1440654.1513562596,1619505.7544474525,1541686.7219157468,1410102.9679895234,1222682.4745720786
2024-10-21,1430376.1020631343,1604464.7045813946,1530015.9478569946,1405964.0586067175,1220453.806260692
2024-10-22,1412085.1482706165,1552138.8280048328,1500498.4749018755,1388432.8392113876,1219874.2690251956
2024-10-23,1408779.7440463358,1558505.4351152156,1502251.2619231588,1386356.348008357,1208662.0100770053
2024-10-24,1400982.5325053514,1538045.4787759806,1498749.0277459314,1384308.2244742508,1211255.5231893787
2024-10-25,1387716.0180412743,1492838.1657672597,1479754.828192831,1371905.9017827085,1210892.8161508974
2024-10-28,1383987.0322047882,1519584.9198826095,1489679.366504619,1380889.9203688507,1214103.4300399406
2024-10-29,1391184.2298341014,1553048.0090222668,1499222.6463423015,1388134.9786876806,1216063.1474684565
2024-10-30,1398351.837006682,1570881.7452002473,1496246.5694123572,1380986.3261187111,1212049.8546575992
2024-10-31,1407818.2988249257,1587873.3283257973,1492270.7166387595,1373298.6878401765,1189487.909171561
2024-11-01,1415725.0339769511,1597316.6199927253,1501097.081535747,1378915.4862872239,1194355.8997918735
2024-11-04,1397503.1751241777,1595617.371119142,1481020.8940691056,1361384.2668918942,1190997.2712988588
2024-11-05,1401706.4181875996,1601998.925770021,1491645.904907611,1373749.8002628,1205605.6204830224
2024-11-06,1409084.6502563574,1616209.1550968757,1514754.0478204489,1389110.8929854068,1236102.5331976702
2024-11-07,1398677.167195902,1597537.7177995238,1499959.215105954,1372958.2758130827,1245288.2950885925
2024-11-08,1394355.6987107343,1576076.3616783402,1489396.6340580198,1370056.241119867,1249966.6356351776
2024-11-11,1372404.5780059854,1565384.9710450761,1485828.6302248822,1369664.8559376744,1251177.9325902404
2024-11-12,1354503.7983208038,1547825.5212302103,1468705.5259998883,1355035.5604243537,1247558.700667949
2024-11-13,1334822.8489841744,1528431.3454394632,1441338.6694104944,1336630.7054751152,1247848.41838659
2024-11-14,1340654.426447973,1527469.414121083,1444505.5040338507,1335135.6406738297,1240299.2663911667
2024-11-18,1332804.8597527326,1522252.8303410835,1440316.0283349038,1330659.3111665118,1228718.090713407
2024-11-19,1340032.4738104865,1529536.5276765863,1447218.5023401538,1334330.043200857,1233588.2190962252
2024-11-21,1332341.4139264529,1519520.6814957678,1435149.7704806002,1324764.4874017632,1240203.3724730501
2024-11-22,1346188.5505985369,1530657.9482855264,1461766.827301344,1356385.9057896417,1244504.3470382574
2024-11-25,1358042.8671203137,1585132.0423803816,1483335.934574607,1374237.7020060597,1248263.347909141
2024-11-26,1356403.798244277,1575164.139513187,1483924.5216124612,1372683.1315867566,1255405.9178356072
2024-11-27,1354989.1914224878,1584587.018982429,1492425.249638877,1377244.6749120548,1250633.8211334113
2024-11-28,1360255.4352691693,1574871.7116390807,1480761.026854444,1356777.401783041,1250633.8211334113
2024-11-29,1387243.6683157035,1582742.4528363927,1492116.183638642,1369086.089004891,1257647.1073273846
2024-12-02,1395988.38150938,1589172.4987873645,1501905.9712296291,1377309.9427128222,1260726.4015196438
2024-12-03,1396245.2088694081,1598870.2787844902,1514073.3575730482,1387584.6902350283,1261295.555337255
2024-12-04,1405013.6885222124,1607474.9606395632,1519246.166701671,1388168.9977281487,1268928.1818686181
2024-12-05,1409873.5791838153,1604669.9818588498,1530982.7104163335,1401839.4438695805,1266555.5708818424
2024-12-06,1411286.5316114684,1596714.939439638,1533228.7698569447,1400103.3646936435,1269716.2018475358
2024-12-09,1416239.1921797318,1577728.673732746,1531906.825464418,1396767.282503642,1261914.7938764303
2024-12-10,1418125.3526509583,1581301.8738361434,1533412.9762760373,1396259.5455543762,1258174.6256752403
2024-12-11,1420792.6873553328,1589550.959636369,1536257.513894161,1398060.8925310809,1268448.6104798208
2024-12-12,1419056.085354183,1593887.1799693152,1529565.4514052805,1392778.743928377,1261581.2011273135
2024-12-13,1426150.895425703,1590778.9009602966,1536310.0525450737,1405237.912768975,1261547.8113129374
2024-12-16,1427032.0542100023,1598691.7869779333,1535882.5497816564,1399561.4978927034,1266340.878447333
2024-12-17,1417501.3976360052,1585591.7843308009,1518999.530492007,1380711.181892385,1261447.7436680237
2024-12-18,1409054.6682761547,1589184.04569039,1508387.6222021403,1372929.9081441583,1224244.059183446
2024-12-19,1405911.4147471576,1575739.8032749244,1496401.1024124746,1358907.7472325456,1223184.950559152
2024-12-20,1389699.9777821836,1551293.8532642648,1467939.2838172605,1338244.7815124355,1236479.8991790484
2024-12-23,1387192.762541307,1545849.6267181227,1474049.310542606,1347659.9665039885,1245490.466342711
2024-12-24,1387231.4028511595,1550264.5072607158,1473417.819080779,1346196.2612742092,1259244.1177174193
2024-12-26,1389030.4863599234,1544854.9371035562,1475236.3757579727,1347475.5766559793,1258733.2942767516
2024-12-27,1395582.5275978423,1565911.324196445,1476213.02945697,1351061.3164947578,1244817.071153389
2024-12-30,1401322.8423883014,1558629.1490694988,1470422.0883278772,1341501.4120672075,1231495.0442084197
2024-12-31,1395517.7827448677,1562018.5088115756,1471622.3845482415,1341495.760695664,1226218.3337566443
2025-01-01,1399432.2198647268,1580549.5748368842,1471622.3845482415,1347061.4751764059,1226218.3337566443
2025-01-02,1409771.294702519,1592640.3044649186,1500847.1054607441,1372351.2520225816,1223491.363184981
2025-01-03,1396859.2481492653,1590253.7083954106,1493507.2375524181,1361917.6012299159,1238902.4930891737
2025-01-06,1389140.5594053383,1560652.7787334267,1461756.9361616855,1339864.619732506,1245763.5909523782
2025-01-07,1390257.2765096491,1582620.9272451105,1469402.6586612663,1345075.7383516922,1231930.7405667412
2025-01-08,1390600.0305881954,1575990.449270092,1462177.8876507836,1344000.5372127302,1233852.9962522988
2025-01-09,1383558.2557049072,1573484.2638602888,1449994.058893387,1334783.9259036488,1233852.9962522988
2025-01-10,1375661.7583247067,1552913.350855547,1433712.7291902304,1329394.0688079973,1214837.2933687116
2025-01-13,1354441.5044561904,1517852.7367415684,1397174.3454666787,1309789.1284898052,1216751.2016006752
2025-01-14,1350978.0847599248,1529315.396143,1412801.3184760709,1314901.0710789622,1218145.938938377
2025-01-15,1353020.3499703242,1543739.3661777535,1417414.9570730962,1317008.7002310858,1240453.5924844414
2025-01-16,1352571.3233747068,1548087.6763808972,1428158.533131143,1322602.893191959,1237832.89924878
2025-01-17,1343937.666016742,1553063.7272190312,1425902.5825508735,1316441.3468525962,1250200.1607393809
2025-01-20,1355268.9414779467,1561582.03377979,1434370.425749334,1324472.2782495995,1250200.1607393809
2025-01-21,1336168.7600194705,1578811.1553382697,1409654.137675672,1306311.3187663876,1261162.1996761798
2025-01-22,1326120.265199643,1577796.0065609096,1407243.7825516444,1313726.5830987645,1268903.1395078362
2025-01-23,1336319.8675451167,1590700.5159210034,1416550.1888629622,1316563.3499912126,1275645.438854648
2025-01-24,1319968.8674859707,1571705.0825297039,1402136.743078932,1310143.7243513612,1272003.3023340805
2025-01-27,1299128.5729517809,1545592.4886185734,1375305.9348764797,1295219.560216915,1253456.5838249763
2025-01-28,1292321.6044013829,1512180.3729823942,1376213.6075105865,1302487.334833126,1265010.7829758774
2025-01-29,1322808.2503726697,1528020.672318154,1397309.2246438386,1314166.281967094,1259091.9293866504
2025-01-30,1325103.2604543988,1540968.2521566018,1400729.246751178,1319068.2373194858,1265734.1610885486
2025-01-31,1331108.539061022,1565911.5576931399,1419368.3929274497,1333757.0384508239,1259346.221326624
2025-02-01,1325781.400815687,1551025.5945492545,1419368.3929274497,1332267.7358322886,1259346.221326624
2025-02-03,1319224.0281353113,1559412.314286706,1407638.4004871065,1325397.1085810205,1249764.3625828447
2025-02-04,1328117.1598090844,1557354.7540271864,1429006.8589272995,1346854.3690310158,1258793.762416201
2025-02-05,1330369.01414176,1566127.7428619845,1432742.6267655524,1344417.6305948854,1263713.9755205833
2025-02-06,1330898.4218999727,1567060.0735353164,1425389.5278522288,1339144.0144551003,1268319.3267473283
2025-02-07,1331821.0370873257,1558618.284464547,1423659.8629756016,1336681.678630214,1256314.9758916378
2025-02-10,1318632.725793593,1535360.6871311716,1405583.0987399074,1326562.9532870925,1264748.041784095
2025-02-11,1293666.9892881573,1479858.287856562,1377903.8362849394,1308986.4121082076,1265177.5284513284
2025-02-12,1291976.1647413443,1452102.885791635,1375102.0746344293,1307480.0445638348,1261731.353493791
2025-02-13,1290862.1862935284,1438013.9653881213,1374871.880838743,1306694.282296868,1274886.533165095
2025-02-14,1272825.9765253295,1421845.1268565247,1357031.861673054,1300898.745373355,1274794.8129737752
2025-02-17,1268508.984380235,1435226.4319292328,1358297.927549329,1302614.9893432863,1274794.8129737752
2025-02-18,1261033.855990682,1460786.2139389478,1355604.7115223426,1301809.3918703136,1277911.6707072074
2025-02-19,1278676.6889246432,1465914.4563507724,1363500.2816405676,1301105.851518745,1280949.2276314965
2025-02-20,1269630.1592395557,1470705.665243686,1370054.253543308,1299985.328596228,1275397.3566057624
2025-02-21,1263688.0457605324,1445331.8972725589,1360790.6231996038,1293333.110233437,1253633.814516527
2025-02-24,1255282.3612826949,1435442.1834095959,1346202.8621361393,1279571.9097136883,1247404.3745746743
2025-02-25,1252635.1727713915,1423319.3645785397,1342934.1616199375,1279242.9112408883,1241566.8577588818
2025-02-27,1251666.9851296933,1405896.5544902792,1336146.7845125305,1279101.072896266,1222036.15770783
2025-02-28,1223799.9665876043,1369899.470886483,1307559.977879815,1255252.2849824885,1241410.4957013158
2025-03-03,1218351.5335007447,1387235.0146740654,1308615.5037833608,1254946.0028070696,1219565.7186368608
2025-03-04,1219175.841623996,1408509.39122132,1309990.1152831595,1252866.6305126636,1204644.5435393509
2025-03-05,1231256.290009012,1431419.1310392818,1332263.0349484794,1267314.3064581435,1218087.506763219
2025-03-06,1247850.1264293005,1453180.128209565,1344798.7056737246,1279081.1268790534,1196382.3968491417
2025-03-07,1249055.1639091154,1455078.5791816413,1344555.4093294,1279523.706838758,1202987.1668080813
2025-03-10,1248680.639834792,1434645.0955591165,1332920.731507583,1274292.7530135661,1170538.8841185113
2025-03-11,1248753.2254020276,1420246.619048583,1335288.4391203565,1276425.979554446,1161680.4034874032
2025-03-12,1251945.6916315518,1422873.3810671219,1332779.301056104,1274871.4091351428,1167357.384518833
2025-03-13,1250519.9573045718,1419902.2768292679,1326971.9175130336,1270712.6645463312,1151141.6415267494
2025-03-17,1259150.9153225836,1431129.4851331073,1334354.561388973,1277041.5358078657,1183164.611275883
2025-03-18,1259215.1957805234,1431129.4851331073,1358616.8846892223,1295511.7693690786,1170559.7527524964
2025-03-19,1281354.383592786,1471016.8349815502,1372250.9857419864,1299670.4031466837,1183200.0370545501
2025-03-20,1289776.1123010574,1492578.1135234383,1385769.9898969072,1315729.3848493155,1180614.8713957707
2025-03-21,1300478.4025469776,1491878.697758362,1399177.1085629652,1324792.8550706876,1181588.469519833
2025-03-24,1316644.5770187806,1491995.1548536264,1416553.4002719421,1342264.4580367934,1202438.7798262406
2025-03-25,1314281.4456997314,1473712.6938955141,1409953.440992608,1342848.8763411203,1204331.8194242192
2025-03-26,1306694.6230359785,1461084.597423432,1399278.9744558106,1332534.347595696,1190895.1676896538
2025-03-27,1299860.6617047968,1469587.20966183,1407993.453863935,1338497.2094413808,1186956.900162928
2025-03-28,1305988.1256015527,1472792.0247245359,1403494.912164753,1334378.2460757873,1163529.6698531203
2025-04-01,1288804.8810455028,1453857.2568097482,1385815.977273501,1314313.7716832599,1174397.8508360942
2025-04-02,1297005.7005875672,1465182.6539832102,1398634.5089017046,1323768.737898031,1182299.428250328
2025-04-03,1303505.505885872,1472708.1412800679,1397171.1340576988,1319102.256359954,1125081.298599104
2025-04-04,1294725.871659208,1438181.7333995365,1368360.684903616,1299491.664670218,1057858.1350261697
2025-04-07,1268545.1425389666,1399619.3401901897,1322344.9194546514,1257345.8411113566,1055391.767883783
2025-04-08,1288560.018095795,1432160.4088331803,1347015.2201517199,1278579.0413013312,1038821.5635085977
2025-04-09,1290465.3891190893,1412655.7116588494,1338856.4429534944,1270823.3649418608,1137669.4622153023
2025-04-11,1306834.1010193517,1434184.66614317,1364907.7779683215,1295185.5411764472,1118167.9782518295
2025-04-15,1321750.2230688417,1462493.5303576535,1399538.8416704722,1323553.210100929,1125104.20319738
2025-04-16,1327145.3647552654,1466222.4813052388,1407756.7087939298,1329717.4159092535,1099892.4501863162
2025-04-17,1340295.4844426594,1472201.2796756807,1425988.1344861006,1353231.4431674806,1101351.8293902643
2025-04-21,1348406.513286535,1490435.6675986953,1447310.6055497,1368771.2743665532,1075395.7278343295
2025-04-22,1353106.3053345971,1498822.1537986638,1452532.7419202556,1371137.0936303723,1102406.6624895467
2025-04-23,1346116.8191092105,1511047.4501529825,1462559.2745812484,1380311.153436067,1120774.012544594
2025-04-24,1346897.2426968766,1522179.8310128145,1458813.7440596963,1375644.67189799,1143479.9007060216
2025-04-25,1331692.4633872092,1498393.4603892846,1436945.333469497,1363880.6217572486,1151910.9306341875
2025-04-28,1331799.2218487712,1517473.931922734,1453631.0437914152,1380285.6668585178,1152648.9676897556
2025-04-29,1326767.0162872167,1530430.83094415,1454324.9650438132,1380708.3008010099,1159337.110386421
2025-04-30,1315661.8793719371,1525593.4850456303,1448908.8595708658,1380609.0139597743,1161052.9192928486
2025-05-02,1310173.6602742632,1504741.0331185414,1447327.0479636777,1381318.2056828863,1185572.5462431114
2025-05-05,1318893.3390776636,1511515.3528502667,1459767.4040703967,1387811.6315864243,1178006.6993405002
2025-05-06,1315032.2086680245,1504096.292842172,1444078.0012704334,1383184.8204603584,1168944.0114909825
2025-05-07,1318763.521500669,1506926.7481790672,1451697.3902163783,1385159.2545419852,1174024.6585815132
2025-05-08,1308118.602890733,1493013.5402686892,1436609.933915626,1377182.2882026623,1180833.737557077
2025-05-09,1302343.279492538,1496184.6018754938,1425593.5165506385,1362101.9910779248,1179993.596892304
2025-05-12,1329791.41855834,1513011.7122496879,1480567.0577520523,1414111.2309595873,1218412.7520587416
2025-05-13,1323388.3520490848,1529443.6272405672,1469912.3734945718,1394460.9688578402,1227244.052566562
2025-05-14,1322121.255156773,1556587.6912079048,1479784.373155447,1399484.9273488484,1228501.2605163918
2025-05-15,1332182.6840509681,1586808.6953593784,1498811.5859928618,1421906.6885422764,1233577.83567834
2025-05-16,1330657.4457632622,1589167.8035205896,1504211.2490518314,1419506.8502379893,1242219.3843142185
2025-05-19,1328744.752716009,1591320.4992520092,1503875.8494979604,1415288.4892199533,1243307.7090260915
2025-05-20,1314256.413202244,1568624.824526942,1485447.1148380584,1400449.4280922809,1238483.3898398257
2025-05-21,1316944.288744476,1575895.8078169557,1494987.0548104015,1407799.42462389,1218500.2985232642
2025-05-22,1312850.8883502008,1559861.476752713,1486065.3752948877,1396239.5995371637,1217958.2230307262
2025-05-23,1317523.585968473,1564705.0651881208,1498301.8711595563,1410051.884023218,1209787.7965318367
2025-05-26,1319418.6949185773,1585159.0582972672,1506671.0598741514,1418448.7140248646,1209787.7965318367
2025-05-27,1316174.2355016966,1581295.8583643115,1500633.3540790353,1408522.8001814645,1234538.9126220115
2025-05-28,1314079.9378963471,1574117.2909054095,1498193.3255360324,1404338.5690151034,1227661.0180534043
2025-05-29,1315152.8187320346,1573098.105129675,1503583.0974553437,1408942.6638437882,1232585.4048845838
2025-05-30,1316301.533512711,1560338.8839960855,1499676.3542029958,1404239.2821738676,1232485.33723967
2025-06-02,1307815.4665624946,1560878.0444393738,1501817.207885422,1402304.6293154594,1237541.0437676334
2025-06-03,1305304.1533051603,1578641.0794696591,1493714.4376598077,1392427.0291581962,1244719.1412709812
2025-06-04,1307986.1111456992,1583426.7032247458,1500064.4208641388,1396835.320584578,1244810.8614623009
2025-06-05,1312057.0203408373,1607281.724647233,1508394.1734764595,1404250.6957281616,1238241.5172820284
2025-06-06,1320049.7732490397,1598512.678803993,1523560.6304381196,1418556.533329019,1250971.4858111104
2025-06-09,1331244.6922456254,1598066.8943935551,1534442.2970823066,1424238.4887656274,1252122.3146267238
2025-06-10,1330203.9881193724,1610646.9934175303,1535060.4290827767,1424298.1051948515,1258987.68801494
2025-06-11,1334527.3874046172,1615796.9824419196,1534922.3384966366,1426405.8451581819,1255533.1656038084
2025-06-12,1325738.3017058282,1611131.3011262263,1515757.035073082,1412040.3911281002,1260332.3406310778
2025-06-13,1329428.4423122266,1602345.124943588,1506532.840831652,1402418.0999911572,1246095.1477372039
2025-06-16,1334369.2356185308,1600531.8132031045,1518953.5431154135,1415348.1056491775,1257799.2956581535
2025-06-17,1327468.3738301995,1602496.1418094784,1511485.3473042469,1410066.0678576804,1247293.9235118756
2025-06-18,1324907.859227697,1595322.9008286635,1507782.4642939493,1407720.083799867,1246908.2100769035
2025-06-19,1322741.8910527837,1588104.107202656,1497147.5623157856,1406653.4151238238,1246908.2100769035
2025-06-20,1330813.2056128713,1588566.0519197362,1515405.1931052334,1424760.520360562,1244191.6229231255
2025-06-23,1328181.9100944216,1591021.1328853657,1512800.7404224544,1416789.2053927826,1256143.9548911753
2025-06-24,1339957.2176764265,1596732.1867127896,1520147.1596050994,1420899.6362954571,1270114.436462899
2025-06-25,1356250.4436871246,1609842.6776776148,1532225.7826043114,1432269.420162631,1270110.2627361019
2025-06-26,1370866.4230955497,1609613.0532135875,1546741.2227375463,1449531.1467031783,1280296.7010761597
2025-06-27,1388962.3191623795,1607670.5703008054,1553489.1637426787,1454569.289028649,1286978.5322835222
2025-06-30,1388158.4203848287,1616465.3229325295,1553295.0661839277,1447718.4969833866,1293625.039510432
2025-07-01,1383584.2916073985,1602939.8482926714,1553179.9692860844,1449122.6965951484,1292178.0796886603
2025-07-02,1386496.4629198727,1606622.3593744491,1548694.5301355408,1444107.2705670586,1298309.5897481055
2025-07-03,1394014.2582444453,1617549.9237115688,1547023.9551841454,1441378.3229787648,1309136.1352613235
2025-07-04,1392370.9695488194,1626435.5265619194,1549694.1775228346,1444538.4369724693,1309136.1352613235
2025-07-07,1397442.0406009082,1623498.137909088,1548954.268893843,1444555.501898307,1298843.3177870493
2025-07-08,1394375.5255864323,1614787.495244183,1550358.553812617,1448027.6602501806,1297913.492895248
2025-07-09,1396748.223305994,1610903.2310383304,1549365.3292432828,1445395.1184117475,1305781.5786968912
2025-07-10,1395801.2984418795,1604109.6491311647,1543705.9274260108,1438538.6749949416,1309367.522603021
2025-07-11,1385841.9480741078,1605734.7384413138,1531295.1162819078,1426885.214438523,1305049.853130626
2025-07-14,1385931.7243682505,1621996.4706092202,1533028.2494802335,1423052.8088535494,1306886.598315952
2025-07-15,1392344.821207342,1633077.2627611426,1542242.552582005,1429492.2696994068,1301716.1652001785
2025-07-16,1389203.2127075929,1640794.2014940905,1543778.2483562403,1430414.2189394524,1305873.4006864254
2025-07-17,1384696.2358954924,1649400.0734848767,1540305.559141629,1424706.5553028814,1312890.8606071959
2025-07-18,1380271.897094245,1647745.3073418324,1530798.6324536,1416590.6317103112,1312772.062090803
2025-07-21,1372484.0967725567,1641335.834513031,1537592.560835326,1423529.2970425154,1314608.8072761293
2025-07-22,1369820.095987683,1638637.5838966025,1533807.5942114994,1421838.6504613403,1315446.9119766108
2025-07-23,1378215.8330926332,1633729.577325956,1540877.8322218647,1430859.5691793256,1325723.034543697
2025-07-24,1368645.726036994,1621315.8882159218,1532505.3036419305,1421906.6885422764,1326648.6857087014
2025-07-25,1363008.8805292526,1604749.2917222404,1513675.528228606,1409135.5861547159,1331921.2224336797
2025-07-28,1353470.8313546695,1589090.5311300957,1502635.9887189625,1400279.222078734,1332156.783502174
2025-07-29,1367917.3698974939,1596894.0343639352,1513185.4672182582,1408233.472120676,1328214.3422486512
2025-07-30,1373265.8324203293,1619441.4581821093,1514908.7092769255,1410159.7033273724,1326554.827754876
2025-07-31,1363968.0079577311,1613598.3116576674,1507108.3253208678,1405240.6830491433,1321653.4473201875
2025-08-01,1350455.9207622793,1594424.0561016824,1491238.1844235105,1393723.4094658035,1300517.3894255068
2025-08-04,1360750.981571628,1590972.1497991963,1503520.6676647726,1402653.5738054719,1319683.2446755716
2025-08-05,1364013.2697182503,1597473.5383805875,1499449.5002726486,1398500.5913994103,1313272.4003153709
2025-08-06,1361107.5182140216,1572842.5435041948,1490790.899380776,1394225.4950435255,1322835.5281876712
2025-08-07,1363522.0932042026,1572446.9787434498,1492583.1225043337,1395470.9021960343,1321780.5932901744
2025-08-08,1356957.8927037844,1549697.038367273,1476078.2787361692,1382260.1009401444,1332090.1056716365
2025-08-11,1362152.363851399,1559722.5914321127,1488594.167182098,1394841.1621081522,1328754.381776898
2025-08-12,1359788.3302695418,1586915.2906296547,1484329.030687582,1389300.9342049595,1343829.6793712536
2025-08-13,1361677.5222632969,1589377.0204955472,1492846.2011279752,1396787.1177096476,1348170.3552401394
2025-08-14,1370860.9896047784,1584519.4352177004,1491672.238461247,1397465.1714836669,1348578.9732733876
2025-08-18,1389826.4584451301,1603832.0923590711,1508196.8645087283,1411402.1185772994,1344536.4643749513
2025-08-19,1394234.8909162057,1610414.6397595415,1517082.319330948,1417285.639598961,1336660.0311197143
2025-08-20,1396601.4179596372,1618449.1503688165,1522117.0378734306,1421251.4618768448,1333409.7159269922
2025-08-21,1402861.8690942118,1614691.16159854,1521722.4199379685,1423135.0307689477,1328070.5013714763
2025-08-22,1394737.310325258,1598427.87374438,1512129.9413147124,1411013.5036752752,1348239.1708331828
2025-08-25,1400805.6121655114,1597813.4391235819,1516122.1080459282,1416553.7315784679,1342487.062719407
2025-08-26,1386521.0974095615,1575442.9712492938,1497486.3017349958,1402046.5500149706,1348036.8977808498
2025-08-28,1374031.3907306876,1561246.7062100777,1482556.5898433411,1390066.8612659206,1355525.5816368237
2025-08-29,1367865.0430135594,1570126.5267594252,1477380.4408493792,1385865.565173722,1346852.6791508603
2025-09-01,1363638.4500863694,1583554.6595781222,1493862.4193856062,1397110.5756221106,1346852.6791508603
2025-09-02,1372618.4283561863,1597749.247023559,1494575.9944609618,1394531.8880301514,1337529.387872066
2025-09-03,1374531.1608819205,1599804.6196644187,1503800.1887023917,1402216.7560285174,1344350.8862298063
2025-09-04,1375705.7297170535,1604600.371828092,1500840.554186425,1403308.91128211,1355571.4926315907
2025-09-05,1371001.6666608034,1599721.0626229388,1501465.3659175735,1403688.9937212155,1351280.901484269
2025-09-08,1370209.1779995454,1579837.5348314412,1504720.9638851369,1405513.056995301,1354126.670572325
2025-09-09,1374350.3333489262,1589589.9230045856,1509354.384761479,1410928.4006685019,1357766.7711286012
2025-09-10,1376540.823442504,1588842.5157290166,1517578.9316156148,1416857.2434737186,1361817.6274806317
2025-09-11,1377845.820254581,1583744.0429464704,1519453.3668090606,1418695.4905822664,1373373.8625958238
2025-09-12,1377855.907376863,1585202.149574611,1525214.7629755375,1424851.274738879,1372710.8508243873
2025-09-15,1375609.3728992522,1587147.6385799816,1526898.4404755712,1422309.4872787627,1379171.6781079376
2025-09-16,1384469.6719899639,1587550.5478532596,1536990.8712488334,1431948.8433415429,1377395.4010620608
2025-09-17,1381867.1522994298,1594162.3648353755,1541982.6853673435,1437120.2915487173,1376059.095899517
2025-09-18,1386322.2421917557,1596648.4679582063,1546829.9860817534,1442416.5131746768,1382649.20691556
2025-09-19,1387293.6413668469,1634856.3130220617,1544708.914678644,1436938.7827920835,1389404.0274427626
2025-09-22,1384142.3961202973,1611312.7213240094,1537789.869803057,1429863.8196755936,1395531.3637754107
2025-09-23,1382858.2873835843,1597878.933917651,1534093.6665234377,1428000.0859894964,1387852.928047495
2025-09-24,1376248.15214053,1591910.493023457,1524425.527104613,1421611.7091099445,1383902.2411385926
2025-09-25,1365910.9341606495,1570926.9020031479,1514175.3519222531,1412190.7619356413,1376970.189919839
2025-09-26,1360069.8151412157,1546842.7676127756,1493836.08583197,1398792.6897403672,1385096.8431864674
2025-09-29,1362938.9549924638,1541417.209387159,1495542.7570203005,1397669.3965376816,1388747.327160629
2025-09-30,1359907.7602970062,1532727.5115827392,1495213.9087407487,1396319.0511723936,1394428.4819188556
2025-10-01,1360310.0629340792,1543823.4867727575,1507986.4529923587,1409095.9157427044,1399169.428367396
2025-10-03,1359399.145612539,1546681.464885166,1514523.8540247625,1412383.6842465692,1400126.3315842703
2025-10-06,1352654.8937926355,1548264.013607288,1523859.9337550555,1422788.9673703103,1405232.021035583
2025-10-07,1355797.375183777,1551902.1611445998,1526480.828851812,1424527.9276376225,1399876.1115728791
2025-10-08,1356790.6885314758,1547550.9586902622,1519893.9721211165,1421001.804228068,1408034.1186895922
2025-10-09,1354706.8409934326,1556857.4517467201,1528601.9002549218,1428697.9749695214,1404154.18153981
2025-10-10,1360508.382971811,1560923.9977290444,1534902.684673679,1434572.8527170576,1366085.2122314626
2025-10-13,1352813.2565188725,1552709.6990105056,1532091.0318835105,1431282.2031218177,1387394.3270908971
2025-10-14,1346737.6429869633,1546003.291258251,1524807.0424914367,1426638.4378811212,1385223.989156454
2025-10-15,1355415.784411628,1549237.5394850485,1537520.2399050964,1436740.209109612,1390800.9025429704
2025-10-16,1364366.6548999744,1559356.7496184648,1549783.0693234012,1451590.6837915783,1382046.6632835728
2025-10-17,1371152.4071422713,1550126.15157266,1552035.6800383313,1458657.0036339427,1389331.0381229224
2025-10-20,1370983.6393235626,1554254.5024280497,1559799.7108447354,1466219.8684936923,1404158.355266607
2025-10-21,1375108.9284631386,1560305.2997111364,1562634.3573232007,1467663.7385174658,1404204.266261374
2025-10-23,1371867.2392979017,1549743.1493610914,1562417.394532512,1468957.3485449047,1404848.4453631167
2025-10-24,1370349.9995226937,1546362.5101339207,1557859.5059953795,1463496.572276942,1415950.1514502936
2025-10-27,1375359.6904738743,1543754.8884889092,1568007.8152848936,1473192.6636775713,1433352.2508348727
2025-10-28,1370289.295128599,1535847.7068118544,1566143.2712311065,1471499.0251938144,1436631.6803169588
2025-10-29,1377837.7182203317,1544607.7112169166,1575341.1319189004,1478176.8409453614,1436569.0744150039
2025-10-30,1372341.9920793334,1539226.7751141412,1568034.1488385298,1468188.5403925686,1422340.1271765095
2025-10-31,1360671.0132467486,1530977.5148857327,1559424.87518859,1459352.0115225925,1426063.702268726
2025-11-03,1352307.5684885948,1537066.4660284645,1566021.494602585,1461692.3442088622,1428517.5482307216
2025-11-04,1348870.2951007916,1524572.597681736,1557126.148640707,1452291.3430517716,1411751.2804942913
2025-11-06,1337240.5282656713,1504946.789837432,1546451.8105602688,1447301.4036012313,1401070.7136207537
2025-11-07,1338499.314106535,1504929.9397719146,1547000.9614958486,1446314.2973716247,1402838.6432130367
2025-11-10,1347935.3273017346,1511056.5213432705,1551960.0192427626,1450969.365355408,1424443.787280415
2025-11-11,1348886.3312685434,1505783.865291153,1557599.7672370772,1457811.6249377518,1427400.0074312696
2025-11-12,1351417.8205653722,1513074.9748568716,1567744.7366612523,1468072.2994367024,1428298.5802712005
2025-11-13,1352444.105884229,1504370.6681240778,1566370.1251614536,1468262.340656255,1404650.4478357953
2025-11-14,1351871.4709291041,1506587.8962851309,1567708.511967958,1470015.4847580292,1403945.698796389
2025-11-17,1355056.0902947271,1521127.4051504862,1575482.5623703795,1475881.8300426467,1391082.3746062317
2025-11-18,1347593.5093346406,1501559.837785884,1566939.0583763502,1470015.4847580292,1379596.991048374
2025-11-19,1350618.5357868655,1504114.6057269,1572309.176472704,1478105.9217730502,1384775.7716177416
2025-11-20,1349995.9461613433,1512788.5108055056,1576857.045413819,1486020.5014029806,1363218.5745094216
2025-11-21,1340921.6770260187,1505237.5739183347,1564676.5565217615,1478985.3195097093,1376609.518845649
2025-11-24,1341671.1201216273,1500306.3429496824,1557067.058715475,1472821.002890178,1397901.8369996808
2025-11-25,1343544.8422361806,1499358.6506665412,1555784.5504252226,1468582.917477343,1410569.1996268078
2025-11-26,1353238.8283715534,1512435.9975824745,1575525.209881634,1486766.593257936,1420311.5941549502
2025-11-27,1356793.1777282003,1516334.470493687,1575035.2773276453,1487348.1304708878,1420311.5941549502
2025-11-28,1356104.31542268,1512458.3653329879,1574078.2774516058,1486633.1765650255,1427917.0405630255
2025-12-01,1350234.8647652906,1512008.2640368484,1573371.2536505691,1485090.0197000164,1420315.767881747
2025-12-02,1348732.1158592834,1497570.807533948,1566781.1855108934,1476945.6176273148,1423805.8178697603
2025-12-03,1344057.3898451298,1491599.2183410276,1559812.941849733,1474324.4893431754,1428048.462058024
2025-12-04,1345105.8555589998,1502383.8329660431,1561443.9522424948,1477033.6017254635,1429591.2139996977
2025-12-05,1354063.6088515518,1504070.6728940685,1567636.1910377282,1485697.0434905177,1432359.8200411163
2025-12-08,1338895.9481556765,1483150.791445339,1547310.0274960836,1472880.619319402,1427379.1387972846
2025-12-09,1340099.9918871718,1493604.8270773024,1546655.6708023192,1466021.2948112208,1426128.2423367577
2025-12-10,1335468.7619658245,1493158.1380692136,1539588.7726572931,1461388.8323136116,1435753.976111013
2025-12-11,1333507.2530946792,1491741.8872533508,1548931.2752055463,1469363.0283727662,1438739.412349447
2025-12-12,1339212.969614348,1497313.2508947025,1560463.9586781585,1477782.463860587,1423397.199836512
2025-12-15,1341327.2970106304,1503293.1924016639,1560398.189022248,1476667.7031208202,1421124.6564946498
2025-12-16,1341947.704253074,1494901.3869170444,1550200.68094716,1467181.4881457496,1417736.8119140558
2025-12-17,1338575.792753333,1479358.5420419616,1545327.1751354733,1464824.201344849,1401302.2027606657
2025-12-18,1332057.6010153692,1482315.6099494786,1545027.8718185374,1464653.9953313023,1412420.501956816
2025-12-19,1334963.6884403455,1490665.3748947293,1557264.367683206,1473212.498883577,1424875.3099119395
2025-12-22,1337300.8798389032,1513869.5422107233,1569767.1535804963,1484899.9784804636,1434046.5146581794
2025-12-23,1337440.221645974,1511742.7735145597,1571575.8191180315,1485169.4713352462,1440571.983807976
2025-12-24,1338397.2396403346,1520694.3140881134,1568622.735876384,1483180.8534191574,1445212.760813388
2025-12-26,1337189.5360042688,1521175.9622006207,1564018.8599626578,1477518.7331885549,1444772.8907282695
2025-12-29,1333953.1391951363,1512125.2133810204,1557563.5425437829,1471833.7858493645,1439727.6694164062
2025-12-30,1330690.0197464752,1505566.2643976116,1556688.8831939902,1471649.3960013555,1437747.083353905
2025-12-31,1339002.0840834465,1523791.0973875893,1570023.6809298184,1482471.6616960452,1427168.6200895722
2026-01-01,1320638.8508658328,1525846.2545679004,1570023.6809298184,1483433.3921593092,1427168.6200895722
2026-01-02,1328438.3765784532,1531170.7114410663,1584982.9377840892,1493759.2236478208,1429872.6860629593
2026-01-05,1326383.9117555849,1527082.0936131454,1582315.92685438,1489319.6834611392,1438958.2785107533
2026-01-06,1329505.743684256,1522123.5256540293,1579162.3232360212,1485257.344622188,1447875.089518805
2026-01-07,1326795.9812083845,1523330.1027139504,1579563.4924458025,1483104.2828753027,1442894.5100731878
2026-01-08,1315929.9987165006,1502558.0562139314,1557432.003231962,1468131.8050547198,1443004.9611359867
2026-01-09,1306985.7306914637,1485445.0389268743,1543439.50893703,1457150.7469007769,1452349.121048766
2026-01-12,1312337.9070695443,1483493.588732106,1546274.1554154954,1463218.5469592407,1454640.3952621075
2026-01-13,1306693.430103226,1486395.8520569936,1544314.2967431818,1459930.778455376,1451819.6685348335
2026-01-14,1298584.9401752723,1482505.2185768886,1543998.5510122683,1456146.464934126,1444076.5909406715
2026-01-15,1298618.5802422592,1482505.2185768886,1543998.5510122683,1456146.464934126,1447802.201997179
2026-01-16,1311621.4526444557,1483516.333371838,1544620.1513344368,1457777.6058972839,1446872.2753071634
2026-01-19,1311752.7832809156,1477144.9811667292,1537283.4948350908,1451601.9865346653,1446872.2753071634
2026-01-20,1292768.03374871,1455394.4854108836,1509193.3004870422,1431574.4122739811,1417027.9909460668
2026-01-21,1287997.8950185226,1458774.8200264112,1501859.9838530356,1427319.2619353088,1433448.1447529893
2026-01-22,1292570.4106184943,1473134.8374159683,1513277.5704278047,1434831.0428287531,1441314.194590341
2026-01-23,1273388.9871373326,1470349.1909987298,1493378.9096495775,1421143.6425726905,1441785.31672733
2026-01-27,1279091.5324842504,1470365.602106797,1500814.220632789,1428334.8466450467,1454917.693598572
2026-01-28,1293357.979565704,1491676.1299814114,1518101.7489975586,1437829.4832718293,1454798.7932839645
2026-01-29,1300340.1294958454,1498576.1851371438,1521567.8869378509,1442149.9014112693,1452918.274866377
2026-01-30,1301463.693226478,1531509.0980641441,1517930.7735834636,1436575.6544676088,1446667.9662905391
2026-02-02,1289643.808254023,1507898.2834859695,1501981.632025198,1423398.8722521868,1454467.3382973536
2026-02-03,1321285.9763870107,1538611.6820689032,1542055.1347539322,1459661.2856005933,1442244.0194821423
2026-02-04,1326228.3757769812,1533401.5400192584,1547885.5119852994,1462410.068394893,1434928.3925909223
2026-02-05,1319898.4552002582,1529474.269541207,1539779.4018943459,1454852.9657178938,1417349.0625147927
2026-02-06,1323651.1915561159,1534846.3779731547,1541246.116603691,1457740.7057654406,1445264.8814992434
2026-02-09,1330985.5667268105,1546877.47731948,1557649.09447901,1467590.0490649862,1452044.7443872283
2026-02-10,1333686.0376469095,1555328.92069639,1562275.964081033,1471439.519575797,1447247.6053242502
2026-02-11,1338807.9689975274,1551578.5313975539,1564203.0663817504,1472500.42606909,1447176.7537669158
2026-02-12,1338228.594159611,1541140.715069311,1555554.3566295363,1464180.166611298,1424512.5010752436
2026-02-13,1322869.2475473443,1526308.7286242177,1533297.8793781942,1445111.4417225027,1425223.4598057384
2026-02-16,1333723.3429624853,1516798.6014357517,1543774.908490901,1457119.498140477,1425223.4598057384
2026-02-17,1335449.0585172854,1532468.916661128,1548221.0399955297,1459539.2824619769,1426693.3242257864
2026-02-18,1342057.0492791203,1536785.937831051,1555176.1811080517,1464869.5231284043,1434634.39934727
2026-02-19,1327726.8488621386,1523750.3524106932,1532265.2187065857,1444161.1248135325,1430585.6807577452
2026-02-20,1333006.2388382512,1525775.3132212027,1538681.1000231863,1450793.5079703177,1440513.5516328178
2026-02-23,1344028.925855782,1537489.7148502541,1544597.0291897808,1458835.7421104084,1425552.8788280583
2026-02-24,1339052.0737087985,1520054.2691924516,1532735.4974376168,1442476.129603901,1436460.6593164962
2026-02-25,1345590.7026967923,1532870.0700846836,1539259.9243777413,1445758.2467362222,1448148.2141284724
2026-02-26,1345230.9526801712,1533213.9576793546,1542199.7766143912,1446555.4225574827,1440378.0582092372
2026-02-27,1324618.4546451806,1520114.8334677366,1523675.727335963,1428519.2364930557,1434127.749633399
2026-03-02,1313400.4524971968,1498525.1350244842,1501912.5225039485,1410763.8460264986,1434699.0412135161
2026-03-04,1288741.665903961,1480467.504858566,1473884.8864028302,1388909.4382115602,1432172.2059316803
2026-03-05,1298468.9754337699,1496637.28901874,1492826.5473050177,1405101.725795896,1424085.152170516
2026-03-06,1280906.6373347964,1496783.6570872092,1478587.416800422,1387204.4969847163,1405177.8643854365
2026-03-09,1256559.1772509979,1479512.8589919123,1450651.7554524906,1363239.5789262792,1416846.6883259334
2026-03-10,1275259.6452962677,1503107.4696616775,1469488.0821401344,1376490.0505941808,1413821.550783821
2026-03-11,1256091.1719669467,1497939.8802162206,1449714.5378557679,1354093.7759783024,1412637.3321538314
2026-03-12,1247803.9556982701,1492485.106012497,1440191.040297402,1341175.183874576,1391126.147838493
2026-03-13,1239429.754762288,1474363.8327862364,1406891.8121274365,1313485.4579129063,1382697.1538746182
2026-03-16,1240267.4632432486,1457530.523055494,1413968.72986848,1328106.2209633084,1396705.0971893005
2026-03-17,1246698.720035793,1464525.2654649382,1425182.4562011985,1337884.534279336,1400188.8356880108
2026-03-18,1252542.435994784,1476336.0379185989,1441499.8821412905,1349041.560629576,1381135.6710614653
2026-03-19,1224668.756877433,1453493.418469889,1396013.613804948,1305034.773664786,1377339.208447623
2026-03-20,1235738.1860989446,1463050.0739028726,1402728.6699821253,1311408.9667098757,1356488.7963430008
2026-03-23,1207003.2370011266,1429916.921954653,1359080.612145934,1277262.8257877182,1372024.9344546746
2026-03-24,1210287.5978078821,1446378.9293972768,1385569.341063837,1299942.7770928415,1366890.028915783
2026-03-25,1225184.2726252873,1459381.687401274,1412613.7721916388,1322299.2704855015,1374297.3759983224
2026-03-27,1217949.7979954695,1433900.0612187935,1382488.0583757078,1294677.693415975,1327795.3407975177
2026-03-30,1203960.3624416855,1411563.1419100822,1350122.8363934848,1266979.5458025935,1322556.1938869155
2026-04-01,1203319.6782702275,1439780.091945108,1376897.6376233262,1286723.4433740329,1370840.715824685
2026-04-02,1198341.7137403334,1441160.1180594922,1377108.0491396957,1288635.3799350602,1372377.2580752706
2026-04-06,1207036.94916029,1445932.0918656604,1393925.4272297937,1303111.4235494647,1378452.4737220635
2026-04-07,1215184.5873037842,1456998.1392135418,1400660.1372299285,1311928.117213435,1379499.0611659663
2026-04-08,1222553.0595839764,1473055.0237966145,1455949.4241622558,1361497.7375675922,1414098.8491202854
2026-04-09,1225501.218260892,1477698.5222834176,1449398.7921248544,1348888.3087306598,1422823.872292104
2026-04-10,1232157.3924424057,1495115.8694803738,1469738.0582151373,1364518.8943080495,1421203.957303793
2026-04-13,1230778.4824188934,1491008.001450792,1458708.5383015114,1352720.82512684,1435662.2559196935
2026-04-15,1243196.7825994773,1514942.0389598347,1486101.599988182,1374771.0363440812,1464163.9236289435
2026-04-16,1236737.077690081,1516251.9782994378,1490097.1065847373,1372810.7860969168,1467985.3268053532
2026-04-17,1248162.4121484358,1531993.8347715316,1504112.594567966,1381706.931396117,1485660.5507995996
2026-04-20,1249246.8819650682,1528382.6135795477,1503875.8494979604,1382347.9742270864,1482133.0390686279
2026-04-21,1260382.3227992104,1544219.3900362467,1515487.4051751213,1394361.6820166043,1472724.1354913877
2026-04-22,1259987.004014833,1545877.444455923,1512143.0438633508,1383099.717453585,1488128.9539062774
2026-04-23,1264832.0708914574,1562392.9907609238,1500261.72983187,1371466.202914379,1481978.7129753532
2026-04-24,1259163.097234963,1555522.3382494876,1484424.4737624675,1355858.2228231637,1493795.5515198219
2026-04-27,1270376.2182691658,1565823.0632866814,1500955.651084268,1366907.4298692495,1495636.470431945
2026-04-28,1275741.2306573277,1550954.1042757712,1497285.6529019256,1361404.1020979,1488316.5680157135
2026-04-29,1285666.1888347752,1553596.4325963138,1504217.8003261506,1371727.163306243,1487722.473635535
2026-04-30,1285676.5031724772,1558662.425160151,1491889.329708295,1361509.151121886,1502954.1332874564
2026-05-01,1283483.136104196,1558662.425160151,1491889.329708295,1361509.151121886,1507355.2772957915
2026-05-04,1285518.7091743627,1576914.3332187438,1501570.571675758,1368416.6785049972,1501232.1146899404
2026-05-05,1287858.363370298,1577660.6417670734,1500090.7544177747,1363509.0717810618,1513422.1454889902
2026-05-06,1294081.7195529297,1603036.768935191,1521475.7837283046,1380424.624111765,1535500.4476576485
2026-05-07,1298234.3043479465,1607209.0033675914,1526776.7923034087,1380180.7286457387,1529660.7930793501
2026-05-08,1292085.8809867103,1610196.692806606,1520308.3723358954,1371642.0602994694,1542549.2614285038
2026-05-11,1286035.64596576,1592410.3256678814,1499268.633718895,1351200.273748005,1545449.1871667062
2026-05-12,1274389.6607134622,1565765.1057942063,1466656.7755270083,1326446.7123312263,1542972.4366064344
2026-05-13,1272329.6153182846,1562428.653405215,1471750.583994723,1328321.7487604104,1551997.6627129936
2026-05-14,1283919.4023799622,1566384.0852154028,1487255.7803755936,1344037.4373445734,1563879.1431237087
2026-05-15,1287193.8731343877,1554909.2693674162,1481866.008456282,1341421.9604319776,1544544.4046356871
2026-05-18,1280875.0002128507,1547949.2949866995,1477255.5812682367,1341787.8590366207,1543408.1329647559
2026-05-19,1283111.336645411,1550728.57600655,1481247.7479994528,1339975.209316829,1533100.7583457993
2026-05-20,1285371.2807380962,1549811.0873743277,1484957.1822840697,1342301.3581686364,1549646.0221584174
2026-05-21,1284913.55657487,1546931.5452337004,1486581.6414025123,1342057.3518914033,1552304.1771370373
2026-05-22,1281069.7616138414,1544449.038074515,1489768.2583051852,1345722.5433654117,1558089.5732669744
2026-05-25,1285588.887272733,1545768.738097775,1508061.9853315684,1363446.5742604625,1558089.5732669744
2026-05-26,1283481.0557141404,1557569.026701356,1505940.9139284587,1356751.804394285,1567606.7901445075
